example_id,label,expected_landed_percentage,predicted_label,predicted_percentage,suggestion_language,tokenizer,exact_normalized_match,line_recall,token_recall,identifier_normalized_token_recall,literal_normalized_token_recall,identifier_and_literal_normalized_token_recall,best_added_line_overlap,best_hunk_token_recall,best_hunk_identifier_normalized_recall,best_hunk_literal_normalized_recall,best_hunk_identifier_and_literal_normalized_recall,meaningful_anchor_recall,meaningful_anchor_count,best_hunk_size,best_hunk_file,best_hunk_candidate_type,candidate_hunk_count,structural_available,structural_engine,structural_language,structural_similarity,structural_node_recall,structural_error,gumtree_available,gumtree_language,gumtree_operation_count,gumtree_insert_ratio,gumtree_delete_ratio,gumtree_update_ratio,gumtree_move_ratio,gumtree_error,file_overlap_ratio,changed_line_overlap_ratio
cd2b0042572e07b5,mostly,80,mostly,76,python,python,False,0.000000,0.833333,1.000000,0.833333,1.000000,0.000000,0.833333,1.000000,0.833333,1.000000,0.666667,3,4,engineering_agent/app/agent_task_runner.py,same_file,5,True,python_ast,python,0.833333,0.833333,,False,,0,0.000000,0.000000,0.000000,0.000000,disabled,1.000000,0.000000
d194cf145826059c,0%,0,0%,0,python,python,False,0.000000,0.000000,0.000000,0.000000,0.000000,0.000000,0.533333,0.933333,0.533333,0.933333,0.000000,6,137,fl_control_plane/data_extractor/azure_devops/extractor.py,same_extension,16,True,python_ast,python,1.000000,1.000000,,False,,0,0.000000,0.000000,0.000000,0.000000,disabled,0.000000,0.000000
dc9e6a6b54b060f0,0%,0,0%,0,python,python,False,0.000000,0.000000,0.000000,0.000000,0.000000,0.000000,0.533333,0.933333,0.533333,0.933333,0.000000,6,137,fl_control_plane/data_extractor/azure_devops/extractor.py,same_extension,16,True,python_ast,python,1.000000,1.000000,,False,,0,0.000000,0.000000,0.000000,0.000000,disabled,0.000000,0.000000
cc66db418d255fc8,0%,0,0%,0,python,python,False,0.000000,0.000000,0.000000,0.000000,0.000000,0.000000,0.571429,0.857143,0.571429,0.857143,0.000000,2,137,fl_control_plane/data_extractor/azure_devops/extractor.py,same_extension,16,True,python_ast,python,1.000000,1.000000,,False,,0,0.000000,0.000000,0.000000,0.000000,disabled,0.000000,0.000000
403e90a4c2db4136,100%,100,mostly,78,python,python,False,0.000000,1.000000,1.000000,1.000000,1.000000,0.000000,0.714286,0.714286,0.714286,0.714286,1.000000,2,1,fl_control_plane/data_extractor/azure_devops/extractor.py,same_file,21,True,python_ast,python,1.000000,1.000000,,False,,0,0.000000,0.000000,0.000000,0.000000,disabled,1.000000,1.000000
742ac3b0bb8297a0,0%,0,0%,0,python,python,False,0.000000,0.000000,0.000000,0.000000,0.000000,0.000000,0.538462,0.923077,0.538462,0.923077,0.000000,5,137,fl_control_plane/data_extractor/azure_devops/extractor.py,same_extension,16,True,python_ast,python,1.000000,1.000000,,False,,0,0.000000,0.000000,0.000000,0.000000,disabled,0.000000,0.000000
1b748b260d77cd78,0%,0,0%,0,python,python,False,0.000000,0.000000,0.000000,0.000000,0.000000,0.000000,0.538462,0.923077,0.538462,0.923077,0.000000,5,137,fl_control_plane/data_extractor/azure_devops/extractor.py,same_extension,16,True,python_ast,python,1.000000,1.000000,,False,,0,0.000000,0.000000,0.000000,0.000000,disabled,0.000000,0.000000
967cd6a03e5b5d19,0%,0,0%,0,python,python,False,0.000000,0.000000,0.000000,0.000000,0.000000,0.000000,0.571429,0.857143,0.571429,0.857143,0.000000,2,137,fl_control_plane/data_extractor/azure_devops/extractor.py,same_extension,16,True,python_ast,python,1.000000,1.000000,,False,,0,0.000000,0.000000,0.000000,0.000000,disabled,0.000000,0.000000
8f62a0b99cc9c89c,0%,0,0%,0,python,python,False,0.000000,0.000000,0.000000,0.000000,0.000000,0.000000,0.545455,0.909091,0.545455,0.909091,0.000000,4,137,fl_control_plane/data_extractor/azure_devops/extractor.py,same_extension,16,True,python_ast,python,1.000000,1.000000,,False,,0,0.000000,0.000000,0.000000,0.000000,disabled,0.000000,0.000000
23d104a53d5fc5c4,0%,0,0%,0,python,python,False,0.000000,0.000000,0.000000,0.000000,0.000000,0.000000,0.538462,0.923077,0.538462,0.923077,0.000000,5,137,fl_control_plane/data_extractor/azure_devops/extractor.py,same_extension,16,True,python_ast,python,1.000000,1.000000,,False,,0,0.000000,0.000000,0.000000,0.000000,disabled,0.000000,0.000000
de92cd9447f2fa47,0%,0,0%,0,python,python,False,0.000000,0.000000,0.000000,0.000000,0.000000,0.000000,0.555556,0.888889,0.555556,0.888889,0.000000,3,137,fl_control_plane/data_extractor/azure_devops/extractor.py,same_extension,16,False,python_ast,python,0.000000,0.000000,SyntaxError: invalid syntax,False,,0,0.000000,0.000000,0.000000,0.000000,disabled,0.000000,0.000000
d3ab1e351262273a,0%,0,0%,0,python,python,False,0.000000,0.000000,0.000000,0.000000,0.000000,0.000000,0.555556,0.888889,0.555556,0.888889,0.000000,3,137,fl_control_plane/data_extractor/azure_devops/extractor.py,same_extension,16,True,python_ast,python,1.000000,1.000000,,False,,0,0.000000,0.000000,0.000000,0.000000,disabled,0.000000,0.000000
757368422f2749b4,0%,0,0%,0,python,python,False,0.000000,0.000000,0.000000,0.000000,0.000000,0.000000,0.571429,0.857143,0.571429,0.857143,0.000000,2,137,fl_control_plane/data_extractor/azure_devops/extractor.py,same_extension,16,True,python_ast,python,1.000000,1.000000,,False,,0,0.000000,0.000000,0.000000,0.000000,disabled,0.000000,0.000000
b658067ad0731da8,0%,0,0%,0,python,python,False,0.000000,0.000000,0.000000,0.000000,0.000000,0.000000,0.571429,0.857143,0.571429,0.857143,0.000000,2,137,fl_control_plane/data_extractor/azure_devops/extractor.py,same_extension,16,True,python_ast,python,1.000000,1.000000,,False,,0,0.000000,0.000000,0.000000,0.000000,disabled,0.000000,0.000000
3061ff62b29be147,0%,0,0%,0,python,python,False,0.000000,0.000000,0.000000,0.000000,0.000000,0.000000,0.571429,0.857143,0.571429,0.857143,0.000000,2,137,fl_control_plane/data_extractor/azure_devops/extractor.py,same_extension,16,True,python_ast,python,1.000000,1.000000,,False,,0,0.000000,0.000000,0.000000,0.000000,disabled,0.000000,0.000000
1126cd2fb10d2a29,0%,0,0%,0,python,python,False,0.000000,0.000000,0.000000,0.000000,0.000000,0.000000,0.571429,0.857143,0.571429,0.857143,0.000000,2,137,fl_control_plane/data_extractor/azure_devops/extractor.py,same_extension,16,True,python_ast,python,1.000000,1.000000,,False,,0,0.000000,0.000000,0.000000,0.000000,disabled,0.000000,0.000000
6cef07e270f1244a,0%,0,0%,0,python,python,False,0.000000,0.000000,0.000000,0.000000,0.000000,0.000000,0.571429,0.857143,0.571429,0.857143,0.000000,2,137,fl_control_plane/data_extractor/azure_devops/extractor.py,same_extension,16,True,python_ast,python,1.000000,1.000000,,False,,0,0.000000,0.000000,0.000000,0.000000,disabled,0.000000,0.000000
2ab762dd314235a2,0%,0,0%,0,python,python,False,0.000000,0.000000,0.000000,0.000000,0.000000,0.000000,0.571429,0.857143,0.571429,0.857143,0.000000,2,137,fl_control_plane/data_extractor/azure_devops/extractor.py,same_extension,16,True,python_ast,python,1.000000,1.000000,,False,,0,0.000000,0.000000,0.000000,0.000000,disabled,0.000000,0.000000
cd2d016f7c7b8481,0%,0,0%,0,python,python,False,0.000000,0.000000,0.000000,0.000000,0.000000,0.000000,0.538462,0.923077,0.538462,0.923077,0.000000,5,137,fl_control_plane/data_extractor/azure_devops/extractor.py,same_extension,16,True,python_ast,python,1.000000,1.000000,,False,,0,0.000000,0.000000,0.000000,0.000000,disabled,0.000000,0.000000
3ee9858f05443f9f,0%,0,0%,0,python,python,False,0.000000,0.000000,0.000000,0.000000,0.000000,0.000000,0.555556,0.888889,0.555556,0.888889,0.000000,3,137,fl_control_plane/data_extractor/azure_devops/extractor.py,same_extension,16,True,python_ast,python,1.000000,1.000000,,False,,0,0.000000,0.000000,0.000000,0.000000,disabled,0.000000,0.000000
2b161a20579548f7,partial,35,partial,34,dockerfile,dockerfile,False,0.000000,0.424242,0.424242,0.424242,0.424242,0.000000,0.424242,0.424242,0.424242,0.424242,0.375000,16,1,engineering_agent/Dockerfile,same_file,1,False,,,0.000000,0.000000,no supported local structural parser,False,,0,0.000000,0.000000,0.000000,0.000000,disabled,1.000000,0.000000
a27e9597f4a9fe69,100%,100,100%,100,python,python,True,1.000000,0.758621,0.758621,0.758621,0.758621,1.000000,0.689655,0.827586,0.793103,0.931034,0.000000,7,13,fl_control_plane/temporal/interceptor.py,same_extension,307,True,python_ast,python,1.000000,1.000000,,False,,0,0.000000,0.000000,0.000000,0.000000,disabled,1.000000,1.000000
3955503109943ea3,partial,50,mostly,69,python,python,False,0.200000,0.867647,0.926471,0.941176,1.000000,0.200000,0.823529,0.911765,0.882353,0.970588,0.560000,25,60,fl_control_plane/temporal/interceptor.py,neighboring_same_file,302,True,python_ast,python,1.000000,1.000000,,False,,0,0.000000,0.000000,0.000000,0.000000,disabled,1.000000,0.200000
80b221891ca9140c,mostly,85,mostly,80,python,python,False,0.750000,1.000000,1.000000,1.000000,1.000000,0.500000,1.000000,1.000000,1.000000,1.000000,1.000000,11,12,fl_control_plane/temporal/persist_inspection_db_activity.py,same_file,297,True,python_ast,python,1.000000,1.000000,,False,,0,0.000000,0.000000,0.000000,0.000000,disabled,1.000000,0.750000
fa9f06c7275bcf3e,100%,100,100%,100,python,python,True,1.000000,1.000000,1.000000,1.000000,1.000000,1.000000,1.000000,1.000000,1.000000,1.000000,0.000000,0,312,fl_control_plane/data_extractor/jenkins/xmake.py,same_file,43,True,python_ast,python,1.000000,1.000000,,False,,0,0.000000,0.000000,0.000000,0.000000,disabled,1.000000,1.000000
71c68b9dedea6319,100%,100,100%,100,python,python,True,1.000000,1.000000,1.000000,1.000000,1.000000,1.000000,1.000000,1.000000,1.000000,1.000000,1.000000,2,312,fl_control_plane/data_extractor/jenkins/xmake.py,same_file,45,False,python_ast,python,0.000000,0.000000,SyntaxError: unmatched ']',False,,0,0.000000,0.000000,0.000000,0.000000,disabled,1.000000,1.000000
d3cd82df9aa5e25c,partial,50,mostly,80,python,python,False,0.666667,0.800000,0.866667,0.800000,0.866667,0.666667,1.000000,1.000000,1.000000,1.000000,1.000000,5,312,fl_control_plane/data_extractor/jenkins/xmake.py,same_extension,46,True,python_ast,python,1.000000,1.000000,,False,,0,0.000000,0.000000,0.000000,0.000000,disabled,1.000000,0.666700
e5106bffc71fe0ef,100%,100,mostly,80,python,python,False,0.000000,1.000000,1.000000,1.000000,1.000000,0.000000,1.000000,1.000000,1.000000,1.000000,1.000000,3,49,scripts/fl_comparison/run_comparison_batch.py,same_file,52,True,python_ast,python,1.000000,1.000000,,False,,0,0.000000,0.000000,0.000000,0.000000,disabled,1.000000,0.000000
c43a1546a8e17df4,partial,39,mostly,76,python,python,False,0.500000,0.854545,0.890909,0.963636,1.000000,0.250000,0.945455,0.981818,0.945455,0.981818,0.916667,24,6,scripts/fl_comparison/run_comparison_batch.py,same_file,52,True,python_ast,python,1.000000,1.000000,,False,,0,0.000000,0.000000,0.000000,0.000000,disabled,1.000000,0.500000
11c4648428c0c386,0%,10,mostly,78,python,python,False,0.000000,0.850000,0.850000,0.850000,0.850000,0.000000,0.850000,0.850000,0.850000,0.850000,1.000000,6,36,tests/mcp_servers/github_finalizer/test_github_finalizer_settings.py,same_file,17,True,python_ast,python,0.800000,0.800000,,False,,0,0.000000,0.000000,0.000000,0.000000,disabled,1.000000,0.000000
4b99d7c39346d96f,mostly,80,mostly,80,python,python,False,0.000000,1.000000,1.000000,1.000000,1.000000,0.000000,1.000000,1.000000,1.000000,1.000000,1.000000,1,20,fl_mcp_servers/github_finalizer/settings.py,same_file,16,True,python_ast,python,1.000000,1.000000,,False,,0,0.000000,0.000000,0.000000,0.000000,disabled,1.000000,0.000000
3c0ae1370098fbfe,0%,0,0%,0,yaml,yaml_like,False,0.000000,0.000000,0.000000,0.000000,0.000000,0.000000,0.000000,0.000000,0.000000,0.000000,0.000000,0,0,,,0,False,,,0.000000,0.000000,no supported local structural parser,False,,0,0.000000,0.000000,0.000000,0.000000,disabled,0.000000,0.000000
71c4b1f498409b89,0%,0,0%,0,yaml,yaml_like,False,0.000000,0.000000,0.000000,0.000000,0.000000,0.000000,0.600000,0.900000,0.600000,0.900000,0.400000,5,65,fl_control_plane/execution_engine/hdlf_cert_provisioner.py,anchor_overlap,1,False,,,0.000000,0.000000,no supported local structural parser,False,,0,0.000000,0.000000,0.000000,0.000000,disabled,0.000000,0.000000
95ffed536433a4d6,mostly,80,mostly,78,python,python,False,0.000000,0.600000,0.600000,0.600000,0.600000,0.000000,0.600000,0.600000,0.600000,0.600000,1.000000,1,1,fl_control_plane/metadata_extractor/jenkins.py,same_file,45,True,python_ast,python,1.000000,1.000000,,False,,0,0.000000,0.000000,0.000000,0.000000,disabled,1.000000,1.000000
77efe46a00c47062,mostly,85,mostly,78,python,python,False,0.750000,1.000000,1.000000,1.000000,1.000000,0.750000,0.875000,0.875000,0.875000,0.875000,1.000000,6,8,fl_control_plane/handler_orchestrator/orchestrator.py,same_file,27,True,python_ast,python,1.000000,1.000000,,False,,0,0.000000,0.000000,0.000000,0.000000,disabled,1.000000,0.750000
42a10ece27f320b2,mostly,85,mostly,78,python,python,False,0.750000,1.000000,1.000000,1.000000,1.000000,0.750000,0.875000,0.875000,0.875000,0.875000,1.000000,6,8,fl_control_plane/handler_orchestrator/orchestrator.py,same_file,27,True,python_ast,python,1.000000,1.000000,,False,,0,0.000000,0.000000,0.000000,0.000000,disabled,1.000000,0.750000
7b33bafebbe400aa,partial,47,mostly,71,python,python,False,0.363636,0.800000,0.928571,0.814286,0.942857,0.363636,0.785714,0.928571,0.800000,0.942857,0.655172,29,61,fl_control_plane/handler_orchestrator/orchestrator.py,same_file,27,True,python_ast,python,1.000000,1.000000,,False,,0,0.000000,0.000000,0.000000,0.000000,disabled,1.000000,0.400000
34017602ebc8d985,100%,100,100%,100,python,python,True,1.000000,0.181818,0.727273,0.181818,0.727273,1.000000,0.272727,0.818182,0.272727,0.818182,0.142857,7,5,fl_control_plane/handler_orchestrator/relevance_evaluator.py,same_extension,26,False,python_ast,python,0.000000,0.000000,SyntaxError: invalid syntax,False,,0,0.000000,0.000000,0.000000,0.000000,disabled,1.000000,1.000000
50925e1bb1e94cf5,mostly,80,mostly,78,json,json,False,0.000000,0.780488,0.804878,0.780488,0.804878,0.000000,0.804878,0.804878,0.804878,0.804878,1.000000,11,492,dashboards/lenny-pipeline-doctor-performance.json,same_extension,5,False,,,0.000000,0.000000,no supported local structural parser,False,,0,0.000000,0.000000,0.000000,0.000000,disabled,1.000000,0.000000
cf60be638884c2cf,mostly,80,mostly,78,json,json,False,0.000000,0.756098,0.756098,0.756098,0.756098,0.000000,0.756098,0.756098,0.756098,0.756098,1.000000,11,1254,dashboards/lenny-pipeline-doctor-platform-operations.json,same_file,5,False,,,0.000000,0.000000,no supported local structural parser,False,,0,0.000000,0.000000,0.000000,0.000000,disabled,1.000000,0.000000
d65726bbc88e2f0a,mostly,80,mostly,68,json,json,False,0.000000,0.769231,0.807692,0.769231,0.807692,0.000000,0.769231,0.807692,0.769231,0.807692,0.866667,15,1254,dashboards/lenny-pipeline-doctor-platform-operations.json,same_file,5,False,,,0.000000,0.000000,no supported local structural parser,False,,0,0.000000,0.000000,0.000000,0.000000,disabled,1.000000,0.000000
2c2e98d2d28c9994,mostly,80,mostly,64,json,json,False,0.000000,0.727273,0.777778,0.727273,0.777778,0.000000,0.727273,0.777778,0.727273,0.777778,0.814815,27,1254,dashboards/lenny-pipeline-doctor-platform-operations.json,same_file,5,False,,,0.000000,0.000000,no supported local structural parser,False,,0,0.000000,0.000000,0.000000,0.000000,disabled,1.000000,0.000000
d9d8ac55ea3efbbf,mostly,80,mostly,78,markdown,markdown,False,0.000000,0.980769,1.000000,0.980769,1.000000,0.000000,0.980769,1.000000,0.980769,1.000000,1.000000,20,28,openspec/changes/archive/2026-08-13-lenny-pipeline-doctor-dashboards/tasks.md,same_file,8,False,,,0.000000,0.000000,no supported local structural parser,False,,0,0.000000,0.000000,0.000000,0.000000,disabled,1.000000,0.000000
cd99a4ccd6f41d2a,mostly,85,mostly,80,python,python,False,0.000000,1.000000,1.000000,1.000000,1.000000,0.000000,1.000000,1.000000,1.000000,1.000000,1.000000,13,219,fl_mcp_servers/github_finalizer/server.py,same_file,13,True,python_ast,python,1.000000,1.000000,,False,,0,0.000000,0.000000,0.000000,0.000000,disabled,1.000000,0.000000
99ecc72f2785261f,partial,48,mostly,80,python,python,False,0.500000,1.000000,1.000000,1.000000,1.000000,0.500000,1.000000,1.000000,1.000000,1.000000,1.000000,1,37,fl_control_plane/execution_engine/hdlf_cert_provisioner.py,same_file,99,True,python_ast,python,1.000000,1.000000,,False,,0,0.000000,0.000000,0.000000,0.000000,disabled,1.000000,0.500000
5d96cdeffe1a29d1,100%,100,100%,95,python,python,False,1.000000,1.000000,1.000000,1.000000,1.000000,1.000000,1.000000,1.000000,1.000000,1.000000,1.000000,14,27,fl_control_plane/temporal/workflow.py,same_file,96,True,python_ast,python,1.000000,1.000000,,False,,0,0.000000,0.000000,0.000000,0.000000,disabled,1.000000,1.000000
9ea6a9fa60f9d398,100%,100,100%,100,python,python,True,1.000000,1.000000,1.000000,1.000000,1.000000,1.000000,1.000000,1.000000,1.000000,1.000000,1.000000,1,27,fl_control_plane/temporal/workflow.py,same_file,96,True,python_ast,python,1.000000,1.000000,,False,,0,0.000000,0.000000,0.000000,0.000000,disabled,1.000000,1.000000
e1770a1b33da3051,mostly,85,mostly,80,python,python,False,0.666667,1.000000,1.000000,1.000000,1.000000,0.666667,1.000000,1.000000,1.000000,1.000000,1.000000,6,24,fl_control_plane/temporal/workflow.py,same_file,96,True,python_ast,python,1.000000,1.000000,,False,,0,0.000000,0.000000,0.000000,0.000000,disabled,1.000000,0.666700
f0b241261497d617,mostly,85,mostly,80,python,python,False,0.666667,1.000000,1.000000,1.000000,1.000000,0.666667,1.000000,1.000000,1.000000,1.000000,1.000000,6,24,fl_control_plane/temporal/workflow.py,same_file,96,True,python_ast,python,1.000000,1.000000,,False,,0,0.000000,0.000000,0.000000,0.000000,disabled,1.000000,0.666700
022aa699240596da,mostly,80,mostly,78,python,python,False,0.666667,0.850000,0.850000,0.850000,0.850000,0.666667,0.950000,0.950000,0.950000,0.950000,1.000000,4,60,fl_control_plane/execution_engine/hdlf_cert_provisioner.py,same_file,98,True,python_ast,python,1.000000,1.000000,,False,,0,0.000000,0.000000,0.000000,0.000000,disabled,1.000000,0.666700
3372495653d6e5de,partial,35,mostly,76,shell,pygments,False,0.000000,0.769231,1.000000,0.769231,1.000000,0.000000,0.769231,1.000000,0.769231,1.000000,0.642857,14,419,scripts/release.sh,same_file,11,False,,,0.000000,0.000000,no supported local structural parser,False,,0,0.000000,0.000000,0.000000,0.000000,disabled,1.000000,0.000000
0a68efb97a28641c,100%,100,mostly,78,python,python,False,0.000000,1.000000,1.000000,1.000000,1.000000,0.000000,0.714286,0.714286,0.714286,0.714286,1.000000,2,1,fl_control_plane/data_extractor/jenkins/stages.py,same_file,16,True,python_ast,python,1.000000,1.000000,,False,,0,0.000000,0.000000,0.000000,0.000000,disabled,1.000000,1.000000
031ecec4ad5d2de9,100%,100,100%,100,python,python,True,1.000000,1.000000,1.000000,1.000000,1.000000,1.000000,1.000000,1.000000,1.000000,1.000000,1.000000,1,67,fl_shared/hdlf_client/client.py,same_file,18,True,python_ast,python,1.000000,1.000000,,False,,0,0.000000,0.000000,0.000000,0.000000,disabled,1.000000,1.000000
99e6218b82e01624,100%,100,100%,100,python,python,True,1.000000,0.700000,0.700000,0.700000,0.700000,1.000000,0.700000,0.700000,0.700000,0.700000,1.000000,1,73,fl_control_plane/execution_engine/hdlf_cert_provisioner.py,same_file,17,True,python_ast,python,1.000000,1.000000,,False,,0,0.000000,0.000000,0.000000,0.000000,disabled,1.000000,1.000000
1fdc72a79ebc0277,mostly,85,mostly,80,python,python,False,0.800000,0.880000,0.880000,0.880000,0.880000,0.800000,0.880000,0.880000,0.880000,0.880000,1.000000,8,73,fl_control_plane/execution_engine/hdlf_cert_provisioner.py,same_file,17,True,python_ast,python,1.000000,1.000000,,False,,0,0.000000,0.000000,0.000000,0.000000,disabled,1.000000,0.800000
1153816b5ef57bae,100%,100,100%,100,python,python,True,1.000000,0.833333,0.833333,1.000000,1.000000,1.000000,0.833333,0.833333,1.000000,1.000000,0.666667,3,73,fl_control_plane/execution_engine/hdlf_cert_provisioner.py,same_file,17,True,python_ast,python,1.000000,1.000000,,False,,0,0.000000,0.000000,0.000000,0.000000,disabled,1.000000,1.000000
1c37b2cda0db2d87,100%,100,100%,100,python,python,True,1.000000,0.923077,0.923077,1.000000,1.000000,1.000000,0.923077,0.923077,1.000000,1.000000,0.833333,6,73,fl_control_plane/execution_engine/hdlf_cert_provisioner.py,same_file,17,True,python_ast,python,1.000000,1.000000,,False,,0,0.000000,0.000000,0.000000,0.000000,disabled,1.000000,1.000000
f184196a1a2ab26a,100%,100,mostly,78,python,python,False,0.000000,1.000000,1.000000,1.000000,1.000000,0.000000,0.777778,0.777778,0.777778,0.777778,1.000000,3,1,fl_control_plane/handler_orchestrator/applicability.py,same_file,71,True,python_ast,python,1.000000,1.000000,,False,,0,0.000000,0.000000,0.000000,0.000000,disabled,1.000000,1.000000
4c24eaad10a3d1c9,100%,100,mostly,78,python,python,False,0.000000,1.000000,1.000000,1.000000,1.000000,0.000000,0.866667,0.866667,0.866667,0.866667,1.000000,6,1,fl_control_plane/handler_orchestrator/defaults_resolver.py,same_file,70,True,python_ast,python,1.000000,1.000000,,False,,0,0.000000,0.000000,0.000000,0.000000,disabled,1.000000,1.000000
c383da4792fe1222,100%,100,mostly,78,python,python,False,0.000000,1.000000,1.000000,1.000000,1.000000,0.000000,0.714286,0.714286,0.714286,0.714286,1.000000,2,1,fl_control_plane/handler_orchestrator/orchestrator.py,same_file,83,True,python_ast,python,1.000000,1.000000,,False,,0,0.000000,0.000000,0.000000,0.000000,disabled,1.000000,1.000000
92deeeb3c6e1cbba,100%,100,mostly,78,python,python,False,0.000000,1.000000,1.000000,1.000000,1.000000,0.000000,0.714286,0.714286,0.714286,0.714286,1.000000,2,1,fl_control_plane/handler_orchestrator/orchestrator.py,same_file,83,True,python_ast,python,1.000000,1.000000,,False,,0,0.000000,0.000000,0.000000,0.000000,disabled,1.000000,1.000000
5541c01c69ff7bc2,mostly,75,mostly,69,python,python,False,0.666667,0.818182,0.909091,0.909091,1.000000,0.666667,0.727273,0.909091,0.818182,1.000000,0.500000,4,19,fl_control_plane/handler_orchestrator/orchestrator.py,same_file,83,True,python_ast,python,1.000000,1.000000,,False,,0,0.000000,0.000000,0.000000,0.000000,disabled,1.000000,0.666700
5a7d126918013fd8,mostly,80,mostly,80,python,python,False,0.000000,1.000000,1.000000,1.000000,1.000000,0.000000,1.000000,1.000000,1.000000,1.000000,1.000000,3,1,tests/handler_orchestrator/test_orchestrator.py,same_file,85,False,python_ast,python,0.000000,0.000000,SyntaxError: illegal target for annotation,False,,0,0.000000,0.000000,0.000000,0.000000,disabled,1.000000,0.000000
e132b69170c1e4a4,0%,0,mostly,76,python,python,False,0.500000,0.714286,1.000000,0.714286,1.000000,0.500000,0.714286,1.000000,0.714286,1.000000,0.333333,3,9,fl_control_plane/data_extractor/jenkins/capture_plan.py,same_file,15,True,python_ast,python,1.000000,1.000000,,False,,0,0.000000,0.000000,0.000000,0.000000,disabled,1.000000,0.500000
b432fc4127054e6e,100%,100,100%,100,python,python,True,1.000000,1.000000,1.000000,1.000000,1.000000,1.000000,1.000000,1.000000,1.000000,1.000000,1.000000,6,25,fl_control_plane/metadata_extractor/jenkins.py,same_file,14,True,python_ast,python,1.000000,1.000000,,False,,0,0.000000,0.000000,0.000000,0.000000,disabled,1.000000,1.000000
5bab9b9af098498f,100%,100,100%,100,python,python,False,1.000000,0.937500,0.937500,0.937500,0.937500,0.777778,0.937500,0.937500,0.937500,0.937500,1.000000,8,11,fl_control_plane/execution_engine/hdlf_cert_provisioner.py,same_file,37,True,python_ast,python,1.000000,1.000000,,False,,0,0.000000,0.000000,0.000000,0.000000,disabled,1.000000,1.000000
be53318866c3698b,100%,100,100%,100,shell,pygments,True,1.000000,1.000000,1.000000,1.000000,1.000000,1.000000,1.000000,1.000000,1.000000,1.000000,1.000000,9,60,scripts/temporal-ui.sh,same_file,1,False,,,0.000000,0.000000,no supported local structural parser,False,,0,0.000000,0.000000,0.000000,0.000000,disabled,1.000000,1.000000
4c429448c78f3c3e,mostly,85,mostly,86,shell,pygments,False,0.857143,1.000000,1.000000,1.000000,1.000000,0.714286,1.000000,1.000000,1.000000,1.000000,1.000000,12,60,scripts/temporal-ui.sh,same_file,1,False,,,0.000000,0.000000,no supported local structural parser,False,,0,0.000000,0.000000,0.000000,0.000000,disabled,1.000000,0.857100
8bb42bb584f7d410,100%,100,mostly,80,shell,pygments,False,0.666667,1.000000,1.000000,1.000000,1.000000,0.666667,1.000000,1.000000,1.000000,1.000000,1.000000,6,60,scripts/temporal-ui.sh,same_file,1,False,,,0.000000,0.000000,no supported local structural parser,False,,0,0.000000,0.000000,0.000000,0.000000,disabled,1.000000,0.666700
fec444cd0fc72a67,100%,100,100%,100,shell,pygments,True,1.000000,1.000000,1.000000,1.000000,1.000000,1.000000,1.000000,1.000000,1.000000,1.000000,1.000000,12,60,scripts/temporal-ui.sh,same_file,1,False,,,0.000000,0.000000,no supported local structural parser,False,,0,0.000000,0.000000,0.000000,0.000000,disabled,1.000000,1.000000
3216449c1f1338a1,100%,100,100%,100,python,python,True,1.000000,1.000000,1.000000,1.000000,1.000000,1.000000,1.000000,1.000000,1.000000,1.000000,1.000000,38,335,scripts/fl_comparison/build_comparison_bundle.py,same_file,6,True,python_ast,python,1.000000,1.000000,,False,,0,0.000000,0.000000,0.000000,0.000000,disabled,1.000000,1.000000
e135857d810cf7f2,100%,100,100%,100,python,python,True,1.000000,1.000000,1.000000,1.000000,1.000000,1.000000,1.000000,1.000000,1.000000,1.000000,1.000000,6,335,scripts/fl_comparison/build_comparison_bundle.py,same_file,9,True,python_ast,python,1.000000,1.000000,,False,,0,0.000000,0.000000,0.000000,0.000000,disabled,1.000000,1.000000
44684fae7e81b740,mostly,85,100%,95,python,python,False,0.666667,1.000000,1.000000,1.000000,1.000000,0.666667,1.000000,1.000000,1.000000,1.000000,1.000000,4,317,scripts/fl_comparison/common.py,same_file,9,True,python_ast,python,1.000000,1.000000,,False,,0,0.000000,0.000000,0.000000,0.000000,disabled,1.000000,1.000000
5a11a7f4e746cb73,mostly,80,mostly,77,python,python,False,0.000000,0.965517,1.000000,0.965517,1.000000,0.000000,0.965517,1.000000,0.965517,1.000000,0.916667,12,101,tests/test_fl_comparison_common.py,same_file,9,True,python_ast,python,1.000000,1.000000,,False,,0,0.000000,0.000000,0.000000,0.000000,disabled,1.000000,0.000000
7f2802b977497fea,0%,0,mostly,68,python,python,False,0.000000,0.222222,0.333333,0.277778,0.388889,0.000000,0.611111,0.888889,0.666667,0.944444,0.142857,7,8,fl_control_plane/data_extractor/jenkins/stages.py,same_extension,9,True,python_ast,python,0.823529,0.823529,,False,,0,0.000000,0.000000,0.000000,0.000000,disabled,1.000000,0.000000
15c0b3ca729c9de3,0%,0,0%,0,python,python,False,0.000000,0.000000,0.000000,0.000000,0.000000,0.000000,0.611111,0.888889,0.666667,0.944444,0.142857,7,8,fl_control_plane/data_extractor/jenkins/stages.py,same_extension,8,True,python_ast,python,0.823529,0.823529,,False,,0,0.000000,0.000000,0.000000,0.000000,disabled,0.000000,0.000000
4ce01340b2e21f4f,100%,100,100%,100,python,python,True,1.000000,1.000000,1.000000,1.000000,1.000000,1.000000,1.000000,1.000000,1.000000,1.000000,1.000000,12,135,fl_control_plane/handler_orchestrator/relevance_evaluator.py,same_file,74,True,python_ast,python,1.000000,1.000000,,False,,0,0.000000,0.000000,0.000000,0.000000,disabled,1.000000,1.000000
6fb5025fcb384169,mostly,85,mostly,76,python,python,False,0.000000,0.933333,1.000000,0.933333,1.000000,0.000000,0.933333,1.000000,0.933333,1.000000,0.800000,5,11,fl_control_plane/handler_orchestrator/applicability.py,same_file,79,True,python_ast,python,1.000000,1.000000,,False,,0,0.000000,0.000000,0.000000,0.000000,disabled,1.000000,0.000000
13e87294a6fa3c1a,partial,25,mostly,76,python,python,False,0.250000,0.833333,1.000000,0.833333,1.000000,0.125000,0.666667,1.000000,0.666667,1.000000,0.142857,7,9,fl_control_plane/handler_orchestrator/orchestrator.py,same_file,90,True,python_ast,python,1.000000,1.000000,,False,,0,0.000000,0.000000,0.000000,0.000000,disabled,1.000000,0.250000
319a45eb28fa283d,partial,50,mostly,80,python,python,False,0.500000,1.000000,1.000000,1.000000,1.000000,0.500000,1.000000,1.000000,1.000000,1.000000,1.000000,7,18,fl_control_plane/data_extractor/jenkins/capture_plan.py,same_file,12,True,python_ast,python,1.000000,1.000000,,False,,0,0.000000,0.000000,0.000000,0.000000,disabled,1.000000,0.500000
39a543d25fd0fa31,partial,50,mostly,80,python,python,False,0.500000,1.000000,1.000000,1.000000,1.000000,0.500000,1.000000,1.000000,1.000000,1.000000,1.000000,7,12,fl_control_plane/temporal/persist_inspection_db_activity.py,same_file,12,True,python_ast,python,1.000000,1.000000,,False,,0,0.000000,0.000000,0.000000,0.000000,disabled,1.000000,0.500000
b756ab3d5f9d7df1,100%,100,100%,100,python,python,True,1.000000,1.000000,1.000000,1.000000,1.000000,1.000000,1.000000,1.000000,1.000000,1.000000,1.000000,7,18,fl_control_plane/data_extractor/jenkins/capture_plan.py,same_file,12,True,python_ast,python,1.000000,1.000000,,False,,0,0.000000,0.000000,0.000000,0.000000,disabled,1.000000,1.000000
6f1fb15bc2434972,100%,100,100%,95,python,python,False,0.000000,1.000000,1.000000,1.000000,1.000000,0.000000,1.000000,1.000000,1.000000,1.000000,1.000000,7,12,fl_control_plane/temporal/persist_inspection_db_activity.py,same_file,12,True,python_ast,python,1.000000,1.000000,,False,,0,0.000000,0.000000,0.000000,0.000000,disabled,1.000000,1.000000
4811b0ab32921c84,100%,100,100%,100,python,python,True,1.000000,1.000000,1.000000,1.000000,1.000000,1.000000,1.000000,1.000000,1.000000,1.000000,1.000000,3,18,fl_control_plane/data_extractor/jenkins/capture_plan.py,same_file,12,True,python_ast,python,1.000000,1.000000,,False,,0,0.000000,0.000000,0.000000,0.000000,disabled,1.000000,1.000000
3b4ab7fa4c4301bd,100%,100,mostly,80,python,python,False,0.000000,1.000000,1.000000,1.000000,1.000000,0.000000,1.000000,1.000000,1.000000,1.000000,1.000000,3,120,fl_mcp_servers/generic/pipeline_data_mcp.py,same_file,133,True,python_ast,python,1.000000,1.000000,,False,,0,0.000000,0.000000,0.000000,0.000000,disabled,1.000000,0.000000
64be0c800d185f15,mostly,85,mostly,74,python,python,False,0.500000,0.921053,0.921053,0.947368,0.947368,0.500000,0.921053,0.921053,0.947368,0.947368,0.923077,13,120,fl_mcp_servers/generic/pipeline_data_mcp.py,same_file,139,True,python_ast,python,0.942857,0.942857,,False,,0,0.000000,0.000000,0.000000,0.000000,disabled,1.000000,0.500000
2f4b9c6ae3b14bb1,100%,100,100%,100,yaml,yaml_like,True,1.000000,1.000000,1.000000,1.000000,1.000000,1.000000,1.000000,1.000000,1.000000,1.000000,1.000000,121,83,chart/templates/argocd-wait-hook-job.yaml,same_file,6,False,,,0.000000,0.000000,no supported local structural parser,False,,0,0.000000,0.000000,0.000000,0.000000,disabled,1.000000,1.000000
73b7ffc669ae225c,100%,100,100%,100,yaml,yaml_like,True,1.000000,1.000000,1.000000,1.000000,1.000000,1.000000,1.000000,1.000000,1.000000,1.000000,1.000000,8,83,chart/templates/argocd-wait-hook-job.yaml,same_file,6,False,,,0.000000,0.000000,no supported local structural parser,False,,0,0.000000,0.000000,0.000000,0.000000,disabled,1.000000,1.000000
a47be0d797167d35,100%,100,100%,100,yaml,yaml_like,True,1.000000,1.000000,1.000000,1.000000,1.000000,1.000000,1.000000,1.000000,1.000000,1.000000,1.000000,11,83,chart/templates/argocd-wait-hook-job.yaml,same_file,6,False,,,0.000000,0.000000,no supported local structural parser,False,,0,0.000000,0.000000,0.000000,0.000000,disabled,1.000000,1.000000
2b23b19328b827ba,100%,100,100%,100,yaml,yaml_like,True,1.000000,1.000000,1.000000,1.000000,1.000000,1.000000,1.000000,1.000000,1.000000,1.000000,1.000000,11,52,chart/templates/argocd-wait-hook-rbac.yaml,same_file,6,False,,,0.000000,0.000000,no supported local structural parser,False,,0,0.000000,0.000000,0.000000,0.000000,disabled,1.000000,1.000000
46b8bca808f89142,100%,100,100%,100,yaml,yaml_like,True,1.000000,1.000000,1.000000,1.000000,1.000000,1.000000,1.000000,1.000000,1.000000,1.000000,1.000000,11,52,chart/templates/argocd-wait-hook-rbac.yaml,same_file,6,False,,,0.000000,0.000000,no supported local structural parser,False,,0,0.000000,0.000000,0.000000,0.000000,disabled,1.000000,1.000000
f8d77338f7ee33d1,100%,100,100%,100,yaml,yaml_like,True,1.000000,1.000000,1.000000,1.000000,1.000000,1.000000,1.000000,1.000000,1.000000,1.000000,1.000000,11,52,chart/templates/argocd-wait-hook-rbac.yaml,same_file,6,False,,,0.000000,0.000000,no supported local structural parser,False,,0,0.000000,0.000000,0.000000,0.000000,disabled,1.000000,1.000000
74942f92ff1d98cb,100%,100,100%,100,yaml,yaml_like,True,1.000000,1.000000,1.000000,1.000000,1.000000,1.000000,1.000000,1.000000,1.000000,1.000000,1.000000,3,4,chart/values.yaml,same_file,7,False,,,0.000000,0.000000,no supported local structural parser,False,,0,0.000000,0.000000,0.000000,0.000000,disabled,1.000000,1.000000
ed787a506b3ae332,0%,0,0%,0,yaml,yaml_like,False,0.000000,0.000000,0.000000,0.000000,0.000000,0.000000,0.500000,1.000000,0.500000,1.000000,0.000000,3,3,chart/templates/controller-clusterrole.yaml,same_extension,7,False,,,0.000000,0.000000,no supported local structural parser,False,,0,0.000000,0.000000,0.000000,0.000000,disabled,0.000000,0.000000
17643cc9e2185699,0%,0,0%,0,yaml,yaml_like,False,0.000000,0.000000,0.000000,0.000000,0.000000,0.000000,0.250000,1.000000,0.250000,1.000000,0.000000,3,7,chart/crds/faulthandler.yaml,same_extension,7,False,,,0.000000,0.000000,no supported local structural parser,False,,0,0.000000,0.000000,0.000000,0.000000,disabled,0.000000,0.000000
b0ca8c42fae0ebde,100%,100,100%,100,python,python,True,1.000000,1.000000,1.000000,1.000000,1.000000,1.000000,1.000000,1.000000,1.000000,1.000000,1.000000,19,128,fl_control_plane/temporal/job_polling.py,same_file,60,True,python_ast,python,1.000000,1.000000,,False,,0,0.000000,0.000000,0.000000,0.000000,disabled,1.000000,1.000000
f41397da1cdb94ed,partial,50,mostly,68,yaml,yaml_like,False,0.500000,0.578947,0.789474,0.578947,0.789474,0.500000,0.368421,0.894737,0.368421,0.894737,0.090909,11,8,.github/workflows/pipeline-fl-lcm.yaml,same_extension,6,False,,,0.000000,0.000000,no supported local structural parser,False,,0,0.000000,0.000000,0.000000,0.000000,disabled,1.000000,0.500000
9bf84c8d63a1c75f,100%,100,100%,100,yaml,yaml_like,True,1.000000,1.000000,1.000000,1.000000,1.000000,1.000000,1.000000,1.000000,1.000000,1.000000,1.000000,1,6,.github/workflows/pipeline-fl-lcm.yaml,same_file,7,False,,,0.000000,0.000000,no supported local structural parser,False,,0,0.000000,0.000000,0.000000,0.000000,disabled,1.000000,1.000000
0cfb1add02fdf7d9,mostly,80,mostly,72,yaml,yaml_like,False,0.000000,0.903226,0.935484,0.903226,0.935484,0.000000,0.903226,0.935484,0.903226,0.935484,0.888889,9,3,chart/templates/deployment.yaml,same_file,1,False,,,0.000000,0.000000,no supported local structural parser,False,,0,0.000000,0.000000,0.000000,0.000000,disabled,1.000000,0.000000
fb9d8bdb1265249b,mostly,85,0%,0,python,python,False,0.000000,0.000000,0.000000,0.000000,0.000000,0.000000,0.875000,0.875000,1.000000,1.000000,0.800000,5,113,db/migrations/versions/0008_update_finalizer_registry.py,same_extension,15,True,python_ast,python,1.000000,1.000000,,False,,0,0.000000,0.000000,0.000000,0.000000,disabled,0.000000,0.833300
ac6d67e0e9214f37,mostly,85,mostly,83,python,python,False,0.833333,0.875000,0.875000,1.000000,1.000000,0.833333,0.875000,0.875000,1.000000,1.000000,0.800000,5,30,tests/finalizer_dispatcher/test_registry_seed.py,same_file,15,True,python_ast,python,1.000000,1.000000,,False,,0,0.000000,0.000000,0.000000,0.000000,disabled,1.000000,0.833300
a74cad3b8dbe74fd,0%,0,0%,0,python,python,False,0.000000,0.000000,0.000000,0.000000,0.000000,0.000000,0.000000,0.000000,0.000000,0.000000,0.000000,0,0,,,26,False,python_ast,python,0.000000,0.000000,empty snippet,False,,0,0.000000,0.000000,0.000000,0.000000,disabled,0.000000,0.000000
e0d51b775b587295,100%,100,100%,100,python,python,True,1.000000,1.000000,1.000000,1.000000,1.000000,1.000000,1.000000,1.000000,1.000000,1.000000,1.000000,8,4,fl_control_plane/data_extractor/models.py,same_file,27,True,python_ast,python,1.000000,1.000000,,False,,0,0.000000,0.000000,0.000000,0.000000,disabled,1.000000,1.000000
6bb2ced74bf0a336,partial,48,mostly,74,yaml,yaml_like,False,0.571429,0.902439,0.975610,0.902439,0.975610,0.571429,0.902439,0.975610,0.902439,0.975610,0.800000,15,22,.github/workflows/pipeline-fl-lcm.yaml,same_file,4,False,,,0.000000,0.000000,no supported local structural parser,False,,0,0.000000,0.000000,0.000000,0.000000,disabled,1.000000,0.571400
bbe44b2d20e208e3,partial,40,mostly,67,yaml,yaml_like,False,0.368421,0.791469,0.881517,0.819905,0.900474,0.368421,0.791469,0.881517,0.819905,0.900474,0.686567,67,27,.github/workflows/pipeline-fl-lcm.yaml,neighboring_same_file,4,False,,,0.000000,0.000000,no supported local structural parser,False,,0,0.000000,0.000000,0.000000,0.000000,disabled,1.000000,0.368400
1d1e76f83eaf0330,0%,0,mostly,76,yaml,yaml_like,False,0.000000,0.953488,0.976744,0.953488,0.976744,0.000000,0.953488,0.976744,0.953488,0.976744,0.916667,12,38,.github/workflows/pipeline-fl-lcm.yaml,same_file,8,False,,,0.000000,0.000000,no supported local structural parser,False,,0,0.000000,0.000000,0.000000,0.000000,disabled,1.000000,0.000000
0c60f33ba180b6bf,0%,0,mostly,80,yaml,yaml_like,False,0.000000,1.000000,1.000000,1.000000,1.000000,0.000000,1.000000,1.000000,1.000000,1.000000,1.000000,6,51,.github/workflows/pipeline-fl-lcm.yaml,same_file,8,False,,,0.000000,0.000000,no supported local structural parser,False,,0,0.000000,0.000000,0.000000,0.000000,disabled,1.000000,0.000000
7172e54eddc11d06,100%,100,100%,100,yaml,yaml_like,True,1.000000,1.000000,1.000000,1.000000,1.000000,1.000000,1.000000,1.000000,1.000000,1.000000,1.000000,6,51,.github/workflows/pipeline-fl-lcm.yaml,same_file,8,False,,,0.000000,0.000000,no supported local structural parser,False,,0,0.000000,0.000000,0.000000,0.000000,disabled,1.000000,1.000000
c70fff44064b0bef,partial,40,mostly,80,yaml,yaml_like,False,0.000000,1.000000,1.000000,1.000000,1.000000,0.000000,1.000000,1.000000,1.000000,1.000000,1.000000,7,34,.github/workflows/pipeline-fl-lcm.yaml,same_file,8,False,,,0.000000,0.000000,no supported local structural parser,False,,0,0.000000,0.000000,0.000000,0.000000,disabled,1.000000,0.000000
696285d7e6fd31f5,mostly,80,100%,95,shell,pygments,False,0.000000,1.000000,1.000000,1.000000,1.000000,0.000000,1.000000,1.000000,1.000000,1.000000,1.000000,3,6,scripts/pipeline-fl-lcm.sh,same_file,4,False,,,0.000000,0.000000,no supported local structural parser,False,,0,0.000000,0.000000,0.000000,0.000000,disabled,1.000000,1.000000
dbe9c32b1aa63877,mostly,80,mostly,73,python,python,False,0.500000,0.920000,1.000000,0.920000,1.000000,0.500000,0.640000,0.960000,0.680000,1.000000,0.100000,10,196,fl_control_plane/data_extractor/downloader.py,same_extension,654,True,python_ast,python,1.000000,1.000000,,False,,0,0.000000,0.000000,0.000000,0.000000,disabled,1.000000,0.500000
ad4a74854409d2b6,100%,100,100%,100,python,python,True,1.000000,1.000000,1.000000,1.000000,1.000000,1.000000,1.000000,1.000000,1.000000,1.000000,1.000000,11,41,fl_control_plane/temporal/_activity_helpers.py,same_file,646,True,python_ast,python,1.000000,1.000000,,False,,0,0.000000,0.000000,0.000000,0.000000,disabled,1.000000,1.000000
f27efe531a3a0348,100%,100,100%,100,python,python,True,1.000000,1.000000,1.000000,1.000000,1.000000,1.000000,1.000000,1.000000,1.000000,1.000000,1.000000,19,346,tests/data_extractor/test_downloader_coverage.py,same_file,646,True,python_ast,python,1.000000,1.000000,,False,,0,0.000000,0.000000,0.000000,0.000000,disabled,1.000000,1.000000
14a97789fce5a468,partial,49,mostly,75,python,python,False,0.500000,0.730769,0.980769,0.750000,1.000000,0.500000,0.403846,0.980769,0.423077,1.000000,0.093750,32,73,fl_control_plane/data_extractor/downloader.py,neighboring_same_file,678,False,python_ast,python,0.000000,0.000000,SyntaxError: invalid decimal literal,False,,0,0.000000,0.000000,0.000000,0.000000,disabled,1.000000,0.500000
0cec9e0b8cb47970,100%,100,0%,0,python,python,False,0.000000,0.000000,0.000000,0.000000,0.000000,0.000000,0.581395,0.953488,0.627907,1.000000,0.000000,18,41,fl_control_plane/temporal/_activity_helpers.py,same_extension,646,True,python_ast,python,0.973684,0.973684,,False,,0,0.000000,0.000000,0.000000,0.000000,disabled,0.000000,0.400000
56659ad682dd6a0b,partial,40,mostly,80,markdown,markdown,False,0.000000,1.000000,1.000000,1.000000,1.000000,0.000000,1.000000,1.000000,1.000000,1.000000,1.000000,4,109,docs/piper-cicd-secrets-setup.md,same_file,2,False,,,0.000000,0.000000,no supported local structural parser,False,,0,0.000000,0.000000,0.000000,0.000000,disabled,1.000000,0.000000
b8e90c4dfa467e26,mostly,80,mostly,80,markdown,markdown,False,0.000000,1.000000,1.000000,1.000000,1.000000,0.000000,1.000000,1.000000,1.000000,1.000000,1.000000,9,109,docs/piper-cicd-secrets-setup.md,same_file,2,False,,,0.000000,0.000000,no supported local structural parser,False,,0,0.000000,0.000000,0.000000,0.000000,disabled,1.000000,0.000000
6371f804f07096c9,mostly,80,mostly,80,markdown,markdown,False,0.000000,1.000000,1.000000,1.000000,1.000000,0.000000,1.000000,1.000000,1.000000,1.000000,1.000000,11,109,docs/piper-cicd-secrets-setup.md,same_file,2,False,,,0.000000,0.000000,no supported local structural parser,False,,0,0.000000,0.000000,0.000000,0.000000,disabled,1.000000,0.000000
fd3fcf62cfe33a1a,mostly,80,mostly,80,markdown,markdown,False,0.000000,1.000000,1.000000,1.000000,1.000000,0.000000,1.000000,1.000000,1.000000,1.000000,1.000000,7,109,docs/piper-cicd-secrets-setup.md,same_file,2,False,,,0.000000,0.000000,no supported local structural parser,False,,0,0.000000,0.000000,0.000000,0.000000,disabled,1.000000,0.000000
84d15a995e67f3e1,100%,100,100%,95,markdown,markdown,False,1.000000,1.000000,1.000000,1.000000,1.000000,0.875000,1.000000,1.000000,1.000000,1.000000,1.000000,8,109,docs/piper-cicd-secrets-setup.md,same_file,2,False,,,0.000000,0.000000,no supported local structural parser,False,,0,0.000000,0.000000,0.000000,0.000000,disabled,1.000000,1.000000
67a8b1ef4cf70d17,mostly,80,mostly,80,markdown,markdown,False,0.000000,1.000000,1.000000,1.000000,1.000000,0.000000,1.000000,1.000000,1.000000,1.000000,1.000000,12,109,docs/piper-cicd-secrets-setup.md,same_file,2,False,,,0.000000,0.000000,no supported local structural parser,False,,0,0.000000,0.000000,0.000000,0.000000,disabled,1.000000,0.000000
e5624db28e57c482,mostly,85,mostly,80,markdown,markdown,False,0.800000,1.000000,1.000000,1.000000,1.000000,0.800000,1.000000,1.000000,1.000000,1.000000,1.000000,16,109,docs/piper-cicd-secrets-setup.md,same_file,2,False,,,0.000000,0.000000,no supported local structural parser,False,,0,0.000000,0.000000,0.000000,0.000000,disabled,1.000000,0.800000
8e2dfad983ac1ed8,partial,40,mostly,80,markdown,markdown,False,0.000000,1.000000,1.000000,1.000000,1.000000,0.000000,1.000000,1.000000,1.000000,1.000000,1.000000,5,109,docs/piper-cicd-secrets-setup.md,same_file,2,False,,,0.000000,0.000000,no supported local structural parser,False,,0,0.000000,0.000000,0.000000,0.000000,disabled,1.000000,0.000000
65bfc0de6a702899,mostly,83,mostly,75,markdown,markdown,False,0.727273,0.925926,0.972222,0.925926,0.972222,0.636364,0.833333,0.981481,0.851852,0.981481,0.641026,39,113,.claude/commands/deploy.md,same_extension,25,False,,,0.000000,0.000000,no supported local structural parser,False,,0,0.000000,0.000000,0.000000,0.000000,disabled,1.000000,0.909100
1d9b5ba9f97ea847,mostly,75,mostly,74,markdown,markdown,False,0.266667,0.858209,0.947761,0.858209,0.947761,0.266667,0.843284,0.970149,0.858209,0.970149,0.686275,51,113,.claude/commands/deploy.md,same_extension,25,False,,,0.000000,0.000000,no supported local structural parser,False,,0,0.000000,0.000000,0.000000,0.000000,disabled,1.000000,0.636400
01c8f7e9ee59a956,100%,100,100%,100,markdown,markdown,True,1.000000,1.000000,1.000000,1.000000,1.000000,1.000000,1.000000,1.000000,1.000000,1.000000,1.000000,15,11,.claude/commands/council-test.md,same_file,25,False,,,0.000000,0.000000,no supported local structural parser,False,,0,0.000000,0.000000,0.000000,0.000000,disabled,1.000000,1.000000
01d7dc528482a6f5,partial,30,mostly,76,markdown,markdown,False,0.200000,0.923810,1.000000,0.923810,1.000000,0.200000,0.752381,1.000000,0.752381,1.000000,0.235294,34,90,.claude/commands/council-test.md,neighboring_same_file,25,False,,,0.000000,0.000000,no supported local structural parser,False,,0,0.000000,0.000000,0.000000,0.000000,disabled,1.000000,0.200000
7d2135871c58118c,100%,100,100%,100,markdown,markdown,True,1.000000,1.000000,1.000000,1.000000,1.000000,1.000000,1.000000,1.000000,1.000000,1.000000,1.000000,9,113,.claude/commands/deploy.md,same_file,15,False,,,0.000000,0.000000,no supported local structural parser,False,,0,0.000000,0.000000,0.000000,0.000000,disabled,1.000000,1.000000
8cea9b0c33f7139a,partial,40,mostly,72,yaml,yaml_like,False,0.000000,0.650000,0.650000,0.650000,0.650000,0.000000,0.800000,0.950000,0.800000,0.950000,0.666667,9,5,chart/templates/aicore-externalsecret.yaml,same_extension,5,False,,,0.000000,0.000000,no supported local structural parser,False,,0,0.000000,0.000000,0.000000,0.000000,disabled,1.000000,0.000000
dc2e849326379a88,100%,100,100%,100,yaml,yaml_like,True,1.000000,1.000000,1.000000,1.000000,1.000000,1.000000,1.000000,1.000000,1.000000,1.000000,1.000000,9,5,chart/templates/aicore-externalsecret.yaml,same_file,5,False,,,0.000000,0.000000,no supported local structural parser,False,,0,0.000000,0.000000,0.000000,0.000000,disabled,1.000000,1.000000
dc4793a3353a8ccd,0%,0,0%,0,toml,pygments,False,0.000000,0.000000,0.000000,0.000000,0.000000,0.000000,0.444444,0.666667,0.555556,0.777778,0.333333,3,37,fl_control_plane/temporal/workflow.py,anchor_overlap,6,False,,,0.000000,0.000000,no supported local structural parser,False,,0,0.000000,0.000000,0.000000,0.000000,disabled,0.000000,0.000000
075118cbf5c2ba40,mostly,85,mostly,89,text,pygments,False,0.888889,0.950000,1.000000,0.950000,1.000000,0.666667,0.950000,1.000000,0.950000,1.000000,0.903226,31,70,chart/templates/hdlf/_trust-script.tpl,neighboring_same_file,7,False,,,0.000000,0.000000,no supported local structural parser,False,,0,0.000000,0.000000,0.000000,0.000000,disabled,1.000000,0.875000
028c0f05706e6ed2,100%,100,100%,100,shell,pygments,True,1.000000,1.000000,1.000000,1.000000,1.000000,1.000000,1.000000,1.000000,1.000000,1.000000,1.000000,6,379,scripts/pipeline-fl-lcm.sh,same_file,1,False,,,0.000000,0.000000,no supported local structural parser,False,,0,0.000000,0.000000,0.000000,0.000000,disabled,1.000000,1.000000
2660586568093fc4,100%,100,100%,100,shell,pygments,True,1.000000,1.000000,1.000000,1.000000,1.000000,1.000000,1.000000,1.000000,1.000000,1.000000,1.000000,1,379,scripts/pipeline-fl-lcm.sh,same_file,1,False,,,0.000000,0.000000,no supported local structural parser,False,,0,0.000000,0.000000,0.000000,0.000000,disabled,1.000000,1.000000
d51cc7f3e71a9453,100%,100,100%,100,shell,pygments,True,1.000000,1.000000,1.000000,1.000000,1.000000,1.000000,1.000000,1.000000,1.000000,1.000000,0.000000,0,379,scripts/pipeline-fl-lcm.sh,same_file,1,False,,,0.000000,0.000000,no supported local structural parser,False,,0,0.000000,0.000000,0.000000,0.000000,disabled,1.000000,1.000000
3effedf9a0a09928,100%,100,100%,100,shell,pygments,True,1.000000,1.000000,1.000000,1.000000,1.000000,1.000000,1.000000,1.000000,1.000000,1.000000,1.000000,16,379,scripts/pipeline-fl-lcm.sh,same_file,1,False,,,0.000000,0.000000,no supported local structural parser,False,,0,0.000000,0.000000,0.000000,0.000000,disabled,1.000000,1.000000
e15fbb1419b3a0da,100%,100,100%,100,shell,pygments,True,1.000000,1.000000,1.000000,1.000000,1.000000,1.000000,1.000000,1.000000,1.000000,1.000000,1.000000,8,379,scripts/pipeline-fl-lcm.sh,same_file,1,False,,,0.000000,0.000000,no supported local structural parser,False,,0,0.000000,0.000000,0.000000,0.000000,disabled,1.000000,1.000000
043f78241bead226,mostly,79,mostly,78,yaml,yaml_like,False,0.750000,0.978261,1.000000,0.978261,1.000000,0.500000,0.978261,1.000000,0.978261,1.000000,0.950000,20,39,.github/workflows/pipeline-fl-lcm.yaml,same_file,24,False,,,0.000000,0.000000,no supported local structural parser,False,,0,0.000000,0.000000,0.000000,0.000000,disabled,1.000000,0.750000
c517adf359948c90,0%,0,mostly,80,text,regex,False,0.000000,1.000000,1.000000,1.000000,1.000000,0.000000,1.000000,1.000000,1.000000,1.000000,1.000000,1,2,.gitignore,same_file,5,False,,,0.000000,0.000000,no supported local structural parser,False,,0,0.000000,0.000000,0.000000,0.000000,disabled,1.000000,0.000000
69271ffa5dbd80eb,100%,100,100%,100,python,python,True,1.000000,1.000000,1.000000,1.000000,1.000000,1.000000,1.000000,1.000000,1.000000,1.000000,1.000000,5,330,fl_control_plane/execution_engine/hdlf_cert_provisioner.py,same_file,88,True,python_ast,python,1.000000,1.000000,,False,,0,0.000000,0.000000,0.000000,0.000000,disabled,1.000000,1.000000
db060d8ab85e3881,100%,100,100%,100,python,python,True,1.000000,1.000000,1.000000,1.000000,1.000000,1.000000,1.000000,1.000000,1.000000,1.000000,1.000000,4,330,fl_control_plane/execution_engine/hdlf_cert_provisioner.py,same_file,88,True,python_ast,python,1.000000,1.000000,,False,,0,0.000000,0.000000,0.000000,0.000000,disabled,1.000000,1.000000
fa29c9692318ae00,100%,100,100%,100,python,python,True,1.000000,1.000000,1.000000,1.000000,1.000000,1.000000,1.000000,1.000000,1.000000,1.000000,1.000000,5,330,fl_control_plane/execution_engine/hdlf_cert_provisioner.py,same_file,88,True,python_ast,python,1.000000,1.000000,,False,,0,0.000000,0.000000,0.000000,0.000000,disabled,1.000000,1.000000
3d382fbc54e195b9,100%,100,100%,100,python,python,True,1.000000,1.000000,1.000000,1.000000,1.000000,1.000000,1.000000,1.000000,1.000000,1.000000,1.000000,4,330,fl_control_plane/execution_engine/hdlf_cert_provisioner.py,same_file,88,True,python_ast,python,1.000000,1.000000,,False,,0,0.000000,0.000000,0.000000,0.000000,disabled,1.000000,1.000000
3aa14b3a7de60845,mostly,79,mostly,80,python,python,False,0.800000,0.960000,1.000000,0.960000,1.000000,0.800000,0.960000,1.000000,0.960000,1.000000,0.900000,10,10,fl_control_plane/temporal/finalize_activity.py,neighboring_same_file,89,True,python_ast,python,1.000000,1.000000,,False,,0,0.000000,0.000000,0.000000,0.000000,disabled,1.000000,0.800000
84435b09592f3463,mostly,85,100%,95,python,python,False,0.900000,0.981481,0.981481,1.000000,1.000000,0.800000,1.000000,1.000000,1.000000,1.000000,1.000000,21,45,hdlf_server/dependencies.py,same_file,88,True,python_ast,python,1.000000,1.000000,,False,,0,0.000000,0.000000,0.000000,0.000000,disabled,1.000000,0.900000
d2c575e9e651437a,mostly,85,100%,95,python,python,False,0.933333,0.981818,0.981818,1.000000,1.000000,0.866667,1.000000,1.000000,1.000000,1.000000,1.000000,21,45,hdlf_server/dependencies.py,same_file,88,True,python_ast,python,1.000000,1.000000,,False,,0,0.000000,0.000000,0.000000,0.000000,disabled,1.000000,0.933300
55b3d623a760425d,mostly,85,mostly,82,text,pygments,False,0.818182,0.954545,0.981818,0.954545,0.981818,0.636364,0.954545,0.981818,0.954545,0.981818,0.906250,32,286,chart/templates/hdlf/_trust-script.tpl,same_file,4,False,,,0.000000,0.000000,no supported local structural parser,False,,0,0.000000,0.000000,0.000000,0.000000,disabled,1.000000,0.800000
1714c083587607d2,100%,100,100%,100,yaml,yaml_like,True,1.000000,1.000000,1.000000,1.000000,1.000000,1.000000,1.000000,1.000000,1.000000,1.000000,1.000000,10,6,chart/templates/deployment.yaml,same_file,27,False,,,0.000000,0.000000,no supported local structural parser,False,,0,0.000000,0.000000,0.000000,0.000000,disabled,1.000000,1.000000
40d010551bc05a07,100%,100,100%,100,python,python,True,1.000000,1.000000,1.000000,1.000000,1.000000,1.000000,1.000000,1.000000,1.000000,1.000000,1.000000,16,5,engineering_agent/app/agent_task_runner.py,same_file,92,True,python_ast,python,1.000000,1.000000,,False,,0,0.000000,0.000000,0.000000,0.000000,disabled,1.000000,1.000000
c06cec604342c3b4,0%,0,mostly,65,dockerfile,dockerfile,False,0.000000,0.675439,0.850877,0.675439,0.850877,0.000000,0.675439,0.850877,0.675439,0.850877,0.523810,42,17,Dockerfile,same_file,5,False,,,0.000000,0.000000,no supported local structural parser,False,,0,0.000000,0.000000,0.000000,0.000000,disabled,1.000000,0.000000
c22470ee11abc815,0%,0,mostly,65,dockerfile,dockerfile,False,0.000000,0.684211,0.850877,0.684211,0.850877,0.000000,0.684211,0.850877,0.684211,0.850877,0.547619,42,20,engineering_agent/Dockerfile,same_file,5,False,,,0.000000,0.000000,no supported local structural parser,False,,0,0.000000,0.000000,0.000000,0.000000,disabled,1.000000,0.000000
6a68025dd21afb99,mostly,75,mostly,76,dockerfile,dockerfile,False,0.333333,0.953125,0.968750,0.953125,0.968750,0.333333,0.953125,0.968750,0.953125,0.968750,0.962963,27,17,Dockerfile,same_file,8,False,,,0.000000,0.000000,no supported local structural parser,False,,0,0.000000,0.000000,0.000000,0.000000,disabled,1.000000,0.333300
2b5dda6cc8f7f928,mostly,75,mostly,76,dockerfile,dockerfile,False,0.333333,0.953125,0.968750,0.953125,0.968750,0.333333,0.953125,0.968750,0.953125,0.968750,0.962963,27,20,engineering_agent/Dockerfile,same_file,8,False,,,0.000000,0.000000,no supported local structural parser,False,,0,0.000000,0.000000,0.000000,0.000000,disabled,1.000000,0.333300
e16e594dbda50c6e,mostly,75,mostly,76,dockerfile,dockerfile,False,0.333333,0.953125,0.968750,0.953125,0.968750,0.333333,0.953125,0.968750,0.953125,0.968750,0.962963,27,20,fl_mcp_servers/Dockerfile,same_file,8,False,,,0.000000,0.000000,no supported local structural parser,False,,0,0.000000,0.000000,0.000000,0.000000,disabled,1.000000,0.333300
fecbb15737b78ea5,mostly,85,mostly,79,yaml,yaml_like,False,0.789474,0.949239,1.000000,0.949239,1.000000,0.789474,0.949239,1.000000,0.949239,1.000000,0.862069,58,307,.github/workflows/build-and-deploy.yaml,same_file,1,False,,,0.000000,0.000000,no supported local structural parser,False,,0,0.000000,0.000000,0.000000,0.000000,disabled,1.000000,0.789500
f1b394c72eaf026b,partial,50,mostly,80,yaml,yaml_like,False,0.500000,1.000000,1.000000,1.000000,1.000000,0.500000,1.000000,1.000000,1.000000,1.000000,1.000000,9,307,.github/workflows/build-and-deploy.yaml,same_file,1,False,,,0.000000,0.000000,no supported local structural parser,False,,0,0.000000,0.000000,0.000000,0.000000,disabled,1.000000,0.500000
5cbf1c668d8efaab,mostly,85,mostly,76,yaml,yaml_like,False,0.700000,0.955752,1.000000,0.955752,1.000000,0.700000,0.955752,1.000000,0.955752,1.000000,0.906250,32,307,.github/workflows/build-and-deploy.yaml,same_file,1,False,,,0.000000,0.000000,no supported local structural parser,False,,0,0.000000,0.000000,0.000000,0.000000,disabled,1.000000,0.700000
5d250f8757a707a2,mostly,75,mostly,80,yaml,yaml_like,False,0.714286,1.000000,1.000000,1.000000,1.000000,0.714286,1.000000,1.000000,1.000000,1.000000,1.000000,20,307,.github/workflows/build-and-deploy.yaml,same_file,1,False,,,0.000000,0.000000,no supported local structural parser,False,,0,0.000000,0.000000,0.000000,0.000000,disabled,1.000000,0.714300
30e228c77882a254,mostly,78,mostly,80,yaml,yaml_like,False,0.800000,0.966102,1.000000,0.966102,1.000000,0.600000,0.966102,1.000000,0.966102,1.000000,0.826087,23,307,.github/workflows/build-and-deploy.yaml,same_file,1,False,,,0.000000,0.000000,no supported local structural parser,False,,0,0.000000,0.000000,0.000000,0.000000,disabled,1.000000,0.800000
6d335ddaa5c1edfc,partial,50,mostly,76,yaml,yaml_like,False,0.333333,0.920000,1.000000,0.920000,1.000000,0.333333,0.920000,1.000000,0.920000,1.000000,0.692308,13,307,.github/workflows/build-and-deploy.yaml,same_file,1,False,,,0.000000,0.000000,no supported local structural parser,False,,0,0.000000,0.000000,0.000000,0.000000,disabled,1.000000,0.333300
2f3a32c796b2a4f5,0%,0,100%,100,python,python,True,0.000000,0.857143,1.000000,0.857143,1.000000,0.000000,0.714286,1.000000,0.714286,1.000000,0.333333,3,36,fl_control_plane/execution_engine/job_activity.py,same_file,106,True,python_ast,python,1.000000,1.000000,,False,,0,0.000000,0.000000,0.000000,0.000000,disabled,1.000000,1.000000
3758c8966ed3d924,0%,0,partial,51,yaml,yaml_like,False,0.000000,0.166667,0.666667,0.166667,0.666667,0.000000,0.166667,0.666667,0.166667,0.666667,0.000000,3,1,.pipeline/config.yml,same_file,1,False,,,0.000000,0.000000,no supported local structural parser,False,,0,0.000000,0.000000,0.000000,0.000000,disabled,1.000000,0.000000
40bb560ab40aa615,0%,10,mostly,76,yaml,yaml_like,False,0.000000,0.833333,1.000000,0.833333,1.000000,0.000000,0.500000,1.000000,0.500000,1.000000,0.000000,3,2,chart/values.yaml,same_file,9,False,,,0.000000,0.000000,no supported local structural parser,False,,0,0.000000,0.000000,0.000000,0.000000,disabled,1.000000,1.000000
adec60c8ff03ca67,100%,100,100%,100,python,python,False,1.000000,1.000000,1.000000,1.000000,1.000000,0.500000,0.937500,0.937500,1.000000,1.000000,0.833333,6,67,fl_control_plane/execution_engine/dispatcher.py,same_file,111,True,python_ast,python,1.000000,1.000000,,False,,0,0.000000,0.000000,0.000000,0.000000,disabled,1.000000,1.000000
0dd294cf3281077e,100%,100,100%,100,python,python,True,1.000000,0.846154,0.846154,1.000000,1.000000,1.000000,0.846154,0.846154,1.000000,1.000000,0.500000,4,120,engineering_agent/app/client_reporter.py,same_file,20,True,python_ast,python,1.000000,1.000000,,False,,0,0.000000,0.000000,0.000000,0.000000,disabled,1.000000,1.000000
587dbceb539d8e0c,100%,100,100%,100,python,python,True,1.000000,1.000000,1.000000,1.000000,1.000000,1.000000,1.000000,1.000000,1.000000,1.000000,1.000000,4,161,engineering_agent/tests/test_client_reporter.py,same_file,20,True,python_ast,python,1.000000,1.000000,,False,,0,0.000000,0.000000,0.000000,0.000000,disabled,1.000000,1.000000
83ca6900e513b5eb,100%,100,100%,100,python,python,True,1.000000,1.000000,1.000000,1.000000,1.000000,1.000000,1.000000,1.000000,1.000000,1.000000,1.000000,5,161,engineering_agent/tests/test_client_reporter.py,same_file,20,True,python_ast,python,1.000000,1.000000,,False,,0,0.000000,0.000000,0.000000,0.000000,disabled,1.000000,1.000000
37f93a76375dbcfa,100%,100,100%,95,python,python,False,1.000000,1.000000,1.000000,1.000000,1.000000,0.500000,1.000000,1.000000,1.000000,1.000000,1.000000,4,340,fl_control_plane/pipeline_analyzer/analyzer.py,same_file,49,True,python_ast,python,1.000000,1.000000,,False,,0,0.000000,0.000000,0.000000,0.000000,disabled,1.000000,1.000000
beed0d7e5463e30a,mostly,85,mostly,80,python,python,False,0.714286,1.000000,1.000000,1.000000,1.000000,0.428571,1.000000,1.000000,1.000000,1.000000,1.000000,12,411,fl_control_plane/ai_hub.py,same_file,47,True,python_ast,python,1.000000,1.000000,,False,,0,0.000000,0.000000,0.000000,0.000000,disabled,1.000000,0.714300
967398ee80658add,0%,0,0%,0,python,python,False,0.000000,0.000000,0.000000,0.000000,0.000000,0.000000,0.793103,1.000000,0.793103,1.000000,0.454545,11,411,fl_control_plane/ai_hub.py,same_extension,47,True,python_ast,python,1.000000,1.000000,,False,,0,0.000000,0.000000,0.000000,0.000000,disabled,0.000000,0.200000
5047f4a93a3c25fe,100%,100,100%,100,python,python,True,1.000000,1.000000,1.000000,1.000000,1.000000,1.000000,1.000000,1.000000,1.000000,1.000000,1.000000,9,118,fl_control_plane/pipeline_analyzer/gates/wip_gate/wip_ai_prompts.py,same_file,47,True,python_ast,python,0.920000,0.920000,,False,,0,0.000000,0.000000,0.000000,0.000000,disabled,1.000000,1.000000
7acd27bae7190c07,100%,100,100%,100,python,python,True,1.000000,1.000000,1.000000,1.000000,1.000000,1.000000,1.000000,1.000000,1.000000,1.000000,1.000000,4,52,db/migrations/versions/0002_pipeline_analyzer.py,same_file,47,True,python_ast,python,1.000000,1.000000,,False,,0,0.000000,0.000000,0.000000,0.000000,disabled,1.000000,1.000000
f7dcbe3fa6a98b0b,100%,100,100%,100,python,python,True,1.000000,1.000000,1.000000,1.000000,1.000000,1.000000,1.000000,1.000000,1.000000,1.000000,1.000000,3,52,db/migrations/versions/0002_pipeline_analyzer.py,same_file,47,True,python_ast,python,1.000000,1.000000,,False,,0,0.000000,0.000000,0.000000,0.000000,disabled,1.000000,1.000000
a502c9b7291d53c7,0%,0,0%,0,text,pygments,False,0.000000,0.000000,0.000000,0.000000,0.000000,0.000000,0.555556,1.000000,0.555556,1.000000,0.400000,5,158,openspec/changes/pipeline-analyzer/proposal.md,anchor_overlap,2,False,,,0.000000,0.000000,no supported local structural parser,False,,0,0.000000,0.000000,0.000000,0.000000,disabled,0.000000,0.000000
7809faae9b2a82ad,0%,0,0%,0,python,python,False,0.000000,0.000000,0.000000,0.000000,0.000000,0.000000,0.909091,1.000000,0.909091,1.000000,0.714286,7,340,fl_control_plane/pipeline_analyzer/analyzer.py,same_extension,47,True,python_ast,python,1.000000,1.000000,,False,,0,0.000000,0.000000,0.000000,0.000000,disabled,0.000000,0.000000
0241e68088ffcaf8,100%,100,100%,100,markdown,markdown,True,1.000000,1.000000,1.000000,1.000000,1.000000,1.000000,1.000000,1.000000,1.000000,1.000000,1.000000,48,77,.claude/commands/deploy.md,same_file,7,False,,,0.000000,0.000000,no supported local structural parser,False,,0,0.000000,0.000000,0.000000,0.000000,disabled,1.000000,1.000000
b49492f805f5b937,100%,100,100%,100,markdown,markdown,True,1.000000,1.000000,1.000000,1.000000,1.000000,1.000000,1.000000,1.000000,1.000000,1.000000,1.000000,12,77,.claude/commands/deploy.md,same_file,7,False,,,0.000000,0.000000,no supported local structural parser,False,,0,0.000000,0.000000,0.000000,0.000000,disabled,1.000000,1.000000
7b3a01274417d1cc,partial,50,mostly,78,yaml,yaml_like,False,0.714286,0.976190,1.000000,1.000000,1.000000,0.571429,0.976190,1.000000,1.000000,1.000000,0.944444,18,10,chart/values.yaml,same_file,4,False,,,0.000000,0.000000,no supported local structural parser,False,,0,0.000000,0.000000,0.000000,0.000000,disabled,1.000000,0.714300
4acc5cb179410225,0%,0,partial,48,json,json,False,0.000000,0.000000,0.000000,0.000000,0.000000,0.000000,0.526316,0.631579,0.526316,0.631579,0.454545,11,43,chart/templates/argocd-application.yaml,anchor_overlap,2,False,,,0.000000,0.000000,no supported local structural parser,False,,0,0.000000,0.000000,0.000000,0.000000,disabled,1.000000,0.285700
b027aea1beded653,100%,100,100%,100,python,python,True,1.000000,1.000000,1.000000,1.000000,1.000000,1.000000,1.000000,1.000000,1.000000,1.000000,1.000000,2,455,tests/hdlf_server/test_handler_results_router.py,same_file,132,True,python_ast,python,1.000000,1.000000,,False,,0,0.000000,0.000000,0.000000,0.000000,disabled,1.000000,1.000000
5465cf4232987b41,100%,100,100%,100,python,python,True,1.000000,0.269231,0.500000,0.269231,0.500000,1.000000,0.961538,1.000000,0.961538,1.000000,0.875000,8,111,openspec/changes/handler-results-write-endpoint/design.md,anchor_overlap,131,False,python_ast,python,0.000000,0.000000,SyntaxError: invalid syntax,False,,0,0.000000,0.000000,0.000000,0.000000,disabled,1.000000,1.000000
935b96ff75ebcc5c,100%,100,100%,100,python,python,True,1.000000,1.000000,1.000000,1.000000,1.000000,1.000000,1.000000,1.000000,1.000000,1.000000,1.000000,5,23,hdlf_server/dependencies.py,same_file,132,True,python_ast,python,1.000000,1.000000,,False,,0,0.000000,0.000000,0.000000,0.000000,disabled,1.000000,1.000000
5c7bcf50690be1de,0%,0,mostly,61,python,python,False,0.000000,0.600000,0.800000,0.600000,0.800000,0.000000,0.600000,0.800000,0.600000,0.800000,0.538462,13,2,hdlf_server/handler_results_router.py,neighboring_same_file,10,True,python_ast,python,0.407407,0.407407,,False,,0,0.000000,0.000000,0.000000,0.000000,disabled,1.000000,0.000000
7b6f39fdbd3f6add,0%,10,mostly,76,markdown,markdown,False,0.000000,0.812500,1.000000,0.812500,1.000000,0.000000,0.812500,1.000000,0.812500,1.000000,0.724138,29,7,CLAUDE.md,same_file,1,False,,,0.000000,0.000000,no supported local structural parser,False,,0,0.000000,0.000000,0.000000,0.000000,disabled,1.000000,0.000000
a7e2e55e827548e8,mostly,80,mostly,76,markdown,markdown,False,0.000000,1.000000,1.000000,1.000000,1.000000,0.000000,0.562500,1.000000,0.562500,1.000000,0.250000,8,14,docs/design/FL_Architecture_Design.md,same_file,103,False,,,0.000000,0.000000,no supported local structural parser,False,,0,0.000000,0.000000,0.000000,0.000000,disabled,1.000000,1.000000
565a4f1d93ac8656,100%,100,100%,100,markdown,markdown,True,1.000000,1.000000,1.000000,1.000000,1.000000,1.000000,1.000000,1.000000,1.000000,1.000000,1.000000,16,2,docs/design/FL_Architecture_Design.md,same_file,103,False,,,0.000000,0.000000,no supported local structural parser,False,,0,0.000000,0.000000,0.000000,0.000000,disabled,1.000000,1.000000
d1ae2ff7d6a770ce,100%,100,100%,100,markdown,markdown,True,1.000000,1.000000,1.000000,1.000000,1.000000,1.000000,1.000000,1.000000,1.000000,1.000000,1.000000,2,11,docs/design/FL_Architecture_Design.md,same_file,103,False,,,0.000000,0.000000,no supported local structural parser,False,,0,0.000000,0.000000,0.000000,0.000000,disabled,1.000000,1.000000
208bb11d40a15a9a,0%,0,mostly,73,markdown,markdown,False,0.000000,0.791667,0.958333,0.833333,1.000000,0.000000,0.416667,0.958333,0.458333,1.000000,0.071429,14,2,docs/design/FL_Architecture_Design.md,same_file,103,False,,,0.000000,0.000000,no supported local structural parser,False,,0,0.000000,0.000000,0.000000,0.000000,disabled,1.000000,0.000000
3d790c9ce9f5b0cb,mostly,85,mostly,78,python,python,False,0.000000,0.882353,0.882353,1.000000,1.000000,0.000000,0.941176,0.941176,1.000000,1.000000,1.000000,14,16,fl_control_plane/execution_engine/dispatcher.py,same_file,187,True,python_ast,python,1.000000,1.000000,,False,,0,0.000000,0.000000,0.000000,0.000000,disabled,1.000000,0.000000
fc84bd3b0d7427a5,0%,0,mostly,76,python,python,False,0.000000,0.578947,0.894737,0.578947,0.894737,0.000000,0.578947,1.000000,0.578947,1.000000,0.000000,6,11,fl_control_plane/data_extractor/capture_plan.py,same_extension,182,True,python_ast,python,1.000000,1.000000,,False,,0,0.000000,0.000000,0.000000,0.000000,disabled,1.000000,0.000000
f97b1ebc7edea2de,100%,100,100%,100,yaml,yaml_like,True,1.000000,1.000000,1.000000,1.000000,1.000000,1.000000,1.000000,1.000000,1.000000,1.000000,1.000000,3,1,.pipeline/config.yml,same_file,5,False,,,0.000000,0.000000,no supported local structural parser,False,,0,0.000000,0.000000,0.000000,0.000000,disabled,1.000000,1.000000
a73f348566a7301b,0%,0,0%,0,python,python,False,0.000000,0.000000,0.000000,0.000000,0.000000,0.000000,0.644068,0.983051,0.644068,0.983051,0.090909,22,396,fl_shared/utils/github_client.py,same_extension,21,True,python_ast,python,0.977273,0.977273,,False,,0,0.000000,0.000000,0.000000,0.000000,disabled,0.000000,0.416700
11fb43381f24dbf8,partial,44,mostly,74,python,python,False,0.500000,0.906250,0.968750,0.906250,0.968750,0.500000,0.906250,0.968750,0.906250,0.968750,0.800000,10,51,fl_control_plane/finalizer_dispatcher/activity.py,same_file,22,True,python_ast,python,0.967742,0.967742,,False,,0,0.000000,0.000000,0.000000,0.000000,disabled,1.000000,0.500000
15c1b0b59796da0e,mostly,80,mostly,80,python,python,False,0.000000,1.000000,1.000000,1.000000,1.000000,0.000000,1.000000,1.000000,1.000000,1.000000,1.000000,5,51,fl_control_plane/finalizer_dispatcher/activity.py,same_file,21,True,python_ast,python,1.000000,1.000000,,False,,0,0.000000,0.000000,0.000000,0.000000,disabled,1.000000,0.000000
3030a31d1c73c404,0%,0,mostly,68,python,python,False,0.000000,0.421053,0.684211,0.473684,0.736842,0.000000,0.631579,0.894737,0.684211,0.947368,0.000000,6,84,finalizer/app/agent_task_runner.py,same_extension,21,True,python_ast,python,1.000000,1.000000,,False,,0,0.000000,0.000000,0.000000,0.000000,disabled,1.000000,0.000000
299ea557f28dac75,0%,0,mostly,65,python,python,False,0.000000,0.450000,0.700000,0.500000,0.750000,0.000000,0.600000,0.850000,0.650000,0.900000,0.000000,6,84,finalizer/app/agent_task_runner.py,same_extension,21,True,python_ast,python,0.866667,0.866667,,False,,0,0.000000,0.000000,0.000000,0.000000,disabled,1.000000,0.000000
fe386ba1f05612e6,0%,0,mostly,65,python,python,False,0.000000,0.450000,0.700000,0.500000,0.750000,0.000000,0.600000,0.850000,0.650000,0.900000,0.000000,6,84,finalizer/app/agent_task_runner.py,same_extension,21,True,python_ast,python,0.866667,0.866667,,False,,0,0.000000,0.000000,0.000000,0.000000,disabled,1.000000,0.000000
0d66f530d93a05a5,0%,0,mostly,76,python,python,False,0.000000,0.400000,1.000000,0.400000,1.000000,0.000000,0.400000,1.000000,0.400000,1.000000,0.000000,3,51,fl_control_plane/finalizer_dispatcher/activity.py,same_file,21,True,python_ast,python,1.000000,1.000000,,False,,0,0.000000,0.000000,0.000000,0.000000,disabled,1.000000,0.000000
84af76253b87c5fb,100%,100,100%,100,python,python,True,1.000000,1.000000,1.000000,1.000000,1.000000,1.000000,1.000000,1.000000,1.000000,1.000000,1.000000,2,70,fl_mcp_servers/settings.py,same_file,81,True,python_ast,python,1.000000,1.000000,,False,,0,0.000000,0.000000,0.000000,0.000000,disabled,1.000000,1.000000
93a3be7230776f49,partial,50,mostly,76,python,python,False,0.250000,0.892857,0.964286,0.892857,0.964286,0.250000,0.750000,1.000000,0.750000,1.000000,0.363636,11,332,fl_control_plane/inspection_results_repository/inspection_results_repository_hdlf.py,same_extension,105,True,python_ast,python,1.000000,1.000000,,False,,0,0.000000,0.000000,0.000000,0.000000,disabled,1.000000,0.500000
adb92b3306c33a5e,0%,0,mostly,80,yaml,yaml_like,False,0.000000,0.666667,1.000000,0.666667,1.000000,0.000000,1.000000,1.000000,1.000000,1.000000,1.000000,3,219,docs/testing/handler_controller/DeploymentGuide.md,anchor_overlap,44,False,,,0.000000,0.000000,no supported local structural parser,False,,0,0.000000,0.000000,0.000000,0.000000,disabled,1.000000,0.000000
061379cb4f387d33,0%,0,mostly,78,python,python,False,0.000000,0.307692,0.615385,0.307692,0.615385,0.000000,0.538462,0.769231,0.538462,0.769231,1.000000,1,264,chart/crds/faulthandler.yaml,anchor_overlap,47,True,python_ast,python,1.000000,1.000000,,False,,0,0.000000,0.000000,0.000000,0.000000,disabled,1.000000,0.000000
35c1cb69b0ac88d4,100%,100,mostly,69,python,python,False,0.333333,0.716981,0.867925,0.754717,0.905660,0.333333,0.811321,0.905660,0.905660,1.000000,0.588235,17,198,handler_controller/endpoints.py,same_extension,42,True,python_ast,python,1.000000,1.000000,,False,,0,0.000000,0.000000,0.000000,0.000000,disabled,1.000000,0.666700
e69ac2ae1cdb0772,partial,45,mostly,73,python,python,False,0.000000,0.857143,0.964286,0.892857,1.000000,0.000000,0.857143,0.964286,0.892857,1.000000,0.714286,14,553,handler_controller/reconciler.py,same_file,42,True,python_ast,python,1.000000,1.000000,,False,,0,0.000000,0.000000,0.000000,0.000000,disabled,1.000000,0.000000
9e2e5cbadb741394,partial,21,0%,0,python,python,False,0.000000,0.000000,0.000000,0.000000,0.000000,0.000000,0.947368,1.000000,0.947368,1.000000,0.857143,7,94,engineering_agent/app/agent_task_runner.py,same_extension,7,True,python_ast,python,1.000000,1.000000,,False,,0,0.000000,0.000000,0.000000,0.000000,disabled,0.000000,0.400000
cc46dd7ba5dda297,0%,0,0%,0,python,python,False,0.000000,0.000000,0.000000,0.000000,0.000000,0.000000,0.743590,0.948718,0.769231,0.974359,0.307692,13,94,engineering_agent/app/agent_task_runner.py,same_extension,7,True,python_ast,python,0.966667,0.966667,,False,,0,0.000000,0.000000,0.000000,0.000000,disabled,0.000000,0.000000
aba434dc48e60fd7,mostly,82,mostly,76,python,python,False,0.600000,0.942857,1.000000,0.942857,1.000000,0.600000,0.942857,1.000000,0.942857,1.000000,0.800000,10,82,engineering_agent/app/models.py,same_file,8,True,python_ast,python,1.000000,1.000000,,False,,0,0.000000,0.000000,0.000000,0.000000,disabled,1.000000,0.600000
a35c44279c5e4e87,partial,20,0%,0,python,python,False,0.000000,0.000000,0.000000,0.000000,0.000000,0.000000,0.882353,0.960784,0.901961,0.980392,0.782609,23,94,engineering_agent/app/agent_task_runner.py,same_extension,7,True,python_ast,python,1.000000,1.000000,,False,,0,0.000000,0.000000,0.000000,0.000000,disabled,0.000000,0.142900
79796e12c350d103,100%,100,100%,100,toml,pygments,True,1.000000,1.000000,1.000000,1.000000,1.000000,1.000000,1.000000,1.000000,1.000000,1.000000,1.000000,3,47,engineering_agent/pyproject.toml,same_file,1,False,,,0.000000,0.000000,no supported local structural parser,False,,0,0.000000,0.000000,0.000000,0.000000,disabled,1.000000,1.000000
8b93be38df67daf2,100%,100,100%,100,markdown,markdown,True,1.000000,1.000000,1.000000,1.000000,1.000000,1.000000,1.000000,1.000000,1.000000,1.000000,1.000000,18,478,.claude/commands/deploy.md,same_file,4,False,,,0.000000,0.000000,no supported local structural parser,False,,0,0.000000,0.000000,0.000000,0.000000,disabled,1.000000,1.000000
549b2e28bcc48aef,100%,100,100%,100,markdown,markdown,True,1.000000,1.000000,1.000000,1.000000,1.000000,1.000000,1.000000,1.000000,1.000000,1.000000,1.000000,13,478,.claude/commands/deploy.md,same_file,4,False,,,0.000000,0.000000,no supported local structural parser,False,,0,0.000000,0.000000,0.000000,0.000000,disabled,1.000000,1.000000
31d372ebc5f8ee66,mostly,81,mostly,80,markdown,markdown,False,0.800000,1.000000,1.000000,1.000000,1.000000,0.800000,1.000000,1.000000,1.000000,1.000000,1.000000,24,478,.claude/commands/deploy.md,same_file,4,False,,,0.000000,0.000000,no supported local structural parser,False,,0,0.000000,0.000000,0.000000,0.000000,disabled,1.000000,0.800000
cbed4324a4dbb805,0%,0,0%,0,text,regex,False,0.000000,0.000000,0.000000,0.000000,0.000000,0.000000,0.500000,1.000000,0.500000,1.000000,0.333333,6,981,fl_control_plane/execution_engine/local_testing/stage_error.txt,same_extension,1,False,,,0.000000,0.000000,no supported local structural parser,False,,0,0.000000,0.000000,0.000000,0.000000,disabled,0.000000,0.000000
e8c2148265c37a1a,partial,50,0%,0,python,python,False,0.000000,0.000000,0.000000,0.000000,0.000000,0.000000,0.780488,0.975610,0.804878,1.000000,0.562500,16,252,fl_control_plane/execution_engine/dispatcher.py,same_extension,7,True,python_ast,python,1.000000,1.000000,,False,,0,0.000000,0.000000,0.000000,0.000000,disabled,0.000000,0.600000
9acd83a3179af89c,mostly,75,0%,0,shell,pygments,False,0.000000,0.000000,0.000000,0.000000,0.000000,0.000000,0.792593,0.970370,0.792593,0.970370,0.435897,39,46,fl_control_plane/execution_engine/local_testing/dev.sh,same_extension,2,False,,,0.000000,0.000000,no supported local structural parser,False,,0,0.000000,0.000000,0.000000,0.000000,disabled,0.000000,0.500000
ae69170058770e3e,mostly,80,0%,0,shell,pygments,False,0.000000,0.000000,0.000000,0.000000,0.000000,0.000000,0.973684,1.000000,0.973684,1.000000,0.909091,11,46,fl_control_plane/execution_engine/local_testing/dev.sh,same_extension,2,False,,,0.000000,0.000000,no supported local structural parser,False,,0,0.000000,0.000000,0.000000,0.000000,disabled,0.000000,0.250000
343d1f0a1d4ba6e0,0%,0,0%,0,toml,pygments,False,0.000000,0.000000,0.000000,0.000000,0.000000,0.000000,0.812500,1.000000,0.812500,1.000000,0.400000,5,981,fl_control_plane/execution_engine/local_testing/stage_error.txt,anchor_overlap,4,False,,,0.000000,0.000000,no supported local structural parser,False,,0,0.000000,0.000000,0.000000,0.000000,disabled,0.000000,0.000000
cc01474cfd506fc3,mostly,80,0%,0,python,python,False,0.000000,0.000000,0.000000,0.000000,0.000000,0.000000,0.865672,0.970149,0.895522,1.000000,0.750000,28,165,tests/execution_engine/test_dispatcher.py,same_extension,6,True,python_ast,python,1.000000,1.000000,,False,,0,0.000000,0.000000,0.000000,0.000000,disabled,0.000000,0.375000
a7c98d5952d77457,mostly,75,mostly,74,python,python,False,0.565217,0.843750,0.968750,0.859375,0.984375,0.478261,0.843750,0.968750,0.859375,0.984375,0.678571,28,73,fl_control_plane/handler_orchestrator/models.py,same_file,10,True,python_ast,python,0.965517,0.965517,,False,,0,0.000000,0.000000,0.000000,0.000000,disabled,1.000000,0.565200
ce43057fa5a331cf,mostly,75,mostly,76,python,python,False,0.648649,0.936842,1.000000,0.936842,1.000000,0.459459,0.936842,1.000000,0.936842,1.000000,0.853659,82,205,fl_control_plane/handler_orchestrator/orchestrator.py,same_file,10,True,python_ast,python,1.000000,1.000000,,False,,0,0.000000,0.000000,0.000000,0.000000,disabled,1.000000,0.586200
6919f9e070f24901,partial,50,mostly,80,python,python,False,0.600000,1.000000,1.000000,1.000000,1.000000,0.400000,1.000000,1.000000,1.000000,1.000000,1.000000,4,205,fl_control_plane/handler_orchestrator/orchestrator.py,same_file,10,True,python_ast,python,1.000000,1.000000,,False,,0,0.000000,0.000000,0.000000,0.000000,disabled,1.000000,0.600000
8adfeceaeb2c0745,100%,100,0%,0,python,python,False,0.000000,0.000000,0.000000,0.000000,0.000000,0.000000,0.985915,0.992958,0.985915,0.992958,0.977273,44,146,fl_shared/hdlf_client/client.py,same_extension,32,True,python_ast,python,1.000000,1.000000,,False,,0,0.000000,0.000000,0.000000,0.000000,disabled,0.000000,0.769200
f28e825a055f9764,100%,100,100%,95,python,python,False,0.000000,0.000000,0.000000,0.000000,0.000000,0.000000,1.000000,1.000000,1.000000,1.000000,1.000000,30,66,hdlf_server/dependencies.py,same_extension,32,True,python_ast,python,1.000000,1.000000,,False,,0,0.000000,0.000000,0.000000,0.000000,disabled,0.000000,1.000000
a5eb85431f39cf72,mostly,85,0%,0,python,python,False,0.000000,0.000000,0.000000,0.000000,0.000000,0.000000,0.972973,1.000000,0.972973,1.000000,0.928571,14,391,hdlf_server/router.py,same_extension,32,False,python_ast,python,0.000000,0.000000,SyntaxError: expected an indented block after function definition on line 2,False,,0,0.000000,0.000000,0.000000,0.000000,disabled,0.000000,0.857100
18d40843657bacde,100%,100,100%,95,python,python,False,0.000000,0.000000,0.000000,0.000000,0.000000,0.000000,1.000000,1.000000,1.000000,1.000000,1.000000,17,391,hdlf_server/router.py,same_extension,32,False,python_ast,python,0.000000,0.000000,SyntaxError: expected an indented block after function definition on line 2,False,,0,0.000000,0.000000,0.000000,0.000000,disabled,0.000000,1.000000
60f1080eb9cd452f,mostly,75,0%,0,python,python,False,0.000000,0.000000,0.000000,0.000000,0.000000,0.000000,0.500000,1.000000,0.500000,1.000000,0.000000,8,41,hdlf_server/__init__.py,same_extension,32,True,python_ast,python,1.000000,1.000000,,False,,0,0.000000,0.000000,0.000000,0.000000,disabled,0.000000,0.500000
2c1256077df74d34,mostly,75,0%,0,python,python,False,0.000000,0.000000,0.000000,0.000000,0.000000,0.000000,0.953488,1.000000,0.953488,1.000000,0.888889,18,403,hdlf_server/reader.py,same_extension,32,True,python_ast,python,1.000000,1.000000,,False,,0,0.000000,0.000000,0.000000,0.000000,disabled,0.000000,0.333300
dc3ebf51fa21a70a,mostly,80,mostly,76,python,python,False,0.000000,0.769231,1.000000,0.769231,1.000000,0.000000,0.769231,1.000000,0.769231,1.000000,0.500000,12,61,fl_control_plane/execution_contracts.py,same_file,1,True,python_ast,python,0.947368,0.947368,,False,,0,0.000000,0.000000,0.000000,0.000000,disabled,1.000000,0.000000
1fa6db9950932879,100%,100,100%,100,python,python,True,1.000000,1.000000,1.000000,1.000000,1.000000,1.000000,1.000000,1.000000,1.000000,1.000000,1.000000,5,61,fl_control_plane/execution_contracts.py,same_file,1,True,python_ast,python,1.000000,1.000000,,False,,0,0.000000,0.000000,0.000000,0.000000,disabled,1.000000,1.000000
8fd18627fdc24413,mostly,80,mostly,76,python,python,False,0.000000,0.800000,1.000000,0.800000,1.000000,0.000000,0.800000,1.000000,0.800000,1.000000,0.600000,5,61,fl_control_plane/execution_contracts.py,same_file,1,True,python_ast,python,1.000000,1.000000,,False,,0,0.000000,0.000000,0.000000,0.000000,disabled,1.000000,0.000000
7fb902d95f6bc56c,mostly,80,mostly,76,python,python,False,0.000000,0.800000,1.000000,0.800000,1.000000,0.000000,0.800000,1.000000,0.800000,1.000000,0.600000,10,61,fl_control_plane/execution_contracts.py,same_file,1,True,python_ast,python,0.933333,0.933333,,False,,0,0.000000,0.000000,0.000000,0.000000,disabled,1.000000,0.000000
c028d395204a2520,100%,100,100%,100,python,python,True,1.000000,1.000000,1.000000,1.000000,1.000000,1.000000,1.000000,1.000000,1.000000,1.000000,1.000000,3,18,fl_control_plane/metadata_extractor/extractor.py,same_file,41,True,python_ast,python,1.000000,1.000000,,False,,0,0.000000,0.000000,0.000000,0.000000,disabled,1.000000,1.000000
36224bcb27488d4a,0%,0,mostly,70,python,python,False,0.000000,0.491803,0.868852,0.557377,0.934426,0.000000,0.524590,0.918033,0.573770,0.967213,0.041667,24,164,fl_control_plane/temporal/interceptor.py,same_extension,41,True,python_ast,python,0.921569,0.921569,,False,,0,0.000000,0.000000,0.000000,0.000000,disabled,1.000000,0.200000
40dfd85b1bcd04ab,0%,0,mostly,71,python,python,False,0.000000,0.478261,0.891304,0.543478,0.956522,0.000000,0.521739,0.934783,0.521739,0.934783,0.000000,18,24,tests/test_credentials.py,same_extension,41,True,python_ast,python,0.812500,0.812500,,False,,0,0.000000,0.000000,0.000000,0.000000,disabled,1.000000,0.166700
79c73ebf0f804f32,partial,50,mostly,70,python,python,False,0.300000,0.792453,0.924528,0.867925,1.000000,0.200000,0.792453,0.924528,0.867925,1.000000,0.590909,22,93,fl_control_plane/data_extractor/activity.py,same_file,39,True,python_ast,python,1.000000,1.000000,,False,,0,0.000000,0.000000,0.000000,0.000000,disabled,1.000000,0.600000
f88a2ee1e9819f85,partial,50,mostly,76,yaml,yaml_like,False,0.750000,0.655172,0.965517,0.655172,0.965517,0.750000,0.655172,1.000000,0.655172,1.000000,0.411765,17,315,scripts/deploy-dev.sh,anchor_overlap,22,False,,,0.000000,0.000000,no supported local structural parser,False,,0,0.000000,0.000000,0.000000,0.000000,disabled,1.000000,0.750000
e7ebca553e1541d9,partial,47,mostly,76,yaml,yaml_like,False,0.500000,0.545455,0.954545,0.545455,0.954545,0.500000,0.681818,1.000000,0.681818,1.000000,0.416667,12,315,scripts/deploy-dev.sh,anchor_overlap,22,False,,,0.000000,0.000000,no supported local structural parser,False,,0,0.000000,0.000000,0.000000,0.000000,disabled,1.000000,0.500000
f03817bfe9dd8f56,0%,0,0%,0,text,regex,False,0.000000,0.000000,0.000000,0.000000,0.000000,0.000000,0.000000,0.000000,0.000000,0.000000,0.000000,0,0,,,0,False,,,0.000000,0.000000,no supported local structural parser,False,,0,0.000000,0.000000,0.000000,0.000000,disabled,0.000000,0.000000
d2b7fd6a8f81bc0a,0%,0,0%,0,python,python,False,0.000000,0.000000,0.000000,0.000000,0.000000,0.000000,0.428571,0.857143,0.500000,0.928571,0.000000,14,53,fl_control_plane/ingestion_api/router.py,same_extension,39,False,python_ast,python,0.000000,0.000000,SyntaxError: invalid character '—' (U+2014),False,,0,0.000000,0.000000,0.000000,0.000000,disabled,0.000000,0.000000
3571bb010a6f07fc,0%,0,0%,0,python,python,False,0.000000,0.000000,0.000000,0.000000,0.000000,0.000000,0.725000,0.975000,0.750000,1.000000,0.421053,19,46,fl_control_plane/data_extractor/extractor.py,same_extension,39,True,python_ast,python,0.966667,0.966667,,False,,0,0.000000,0.000000,0.000000,0.000000,disabled,0.000000,0.200000
5d5eb278731cbebc,0%,0,mostly,68,python,python,False,0.000000,0.600000,0.900000,0.700000,1.000000,0.000000,0.600000,0.900000,0.700000,1.000000,0.000000,4,3,tests/data_extractor/test_data_extractor.py,same_file,39,True,python_ast,python,1.000000,1.000000,,False,,0,0.000000,0.000000,0.000000,0.000000,disabled,1.000000,0.000000
ad82d6abe12cf8b7,0%,0,mostly,71,python,python,False,0.000000,0.357143,0.642857,0.428571,0.714286,0.000000,0.642857,0.928571,0.714286,1.000000,0.000000,5,95,fl_control_plane/temporal/workflow.py,same_extension,39,False,python_ast,python,0.000000,0.000000,SyntaxError: unexpected unindent,False,,0,0.000000,0.000000,0.000000,0.000000,disabled,1.000000,0.000000
20e99165f802a3a6,partial,40,mostly,76,python,python,False,0.000000,0.826087,1.000000,0.826087,1.000000,0.000000,0.826087,1.000000,0.826087,1.000000,0.600000,10,24,tests/test_credentials.py,same_file,40,False,python_ast,python,0.000000,0.000000,SyntaxError: expected an indented block after 'with' statement on line 2,False,,0,0.000000,0.000000,0.000000,0.000000,disabled,1.000000,1.000000
f43e7c99273ea092,0%,0,0%,0,python,python,False,0.000000,0.000000,0.000000,0.000000,0.000000,0.000000,0.684211,0.789474,0.894737,1.000000,0.250000,8,93,fl_control_plane/data_extractor/activity.py,same_extension,39,True,python_ast,python,0.937500,0.937500,,False,,0,0.000000,0.000000,0.000000,0.000000,disabled,0.000000,0.000000
18839d9dd01a74a7,100%,100,100%,100,yaml,yaml_like,True,1.000000,1.000000,1.000000,1.000000,1.000000,1.000000,1.000000,1.000000,1.000000,1.000000,1.000000,7,78,chart/templates/deployment.yaml,same_file,12,False,,,0.000000,0.000000,no supported local structural parser,False,,0,0.000000,0.000000,0.000000,0.000000,disabled,1.000000,1.000000
3912d9656b57350d,100%,100,100%,95,yaml,yaml_like,False,1.000000,1.000000,1.000000,1.000000,1.000000,0.666667,1.000000,1.000000,1.000000,1.000000,1.000000,26,28,chart/templates/hana-binding.yaml,same_file,13,False,,,0.000000,0.000000,no supported local structural parser,False,,0,0.000000,0.000000,0.000000,0.000000,disabled,1.000000,1.000000
894b52ea84474d5f,100%,100,100%,95,yaml,yaml_like,False,1.000000,1.000000,1.000000,1.000000,1.000000,0.600000,1.000000,1.000000,1.000000,1.000000,1.000000,28,28,chart/templates/hana-binding.yaml,same_file,13,False,,,0.000000,0.000000,no supported local structural parser,False,,0,0.000000,0.000000,0.000000,0.000000,disabled,1.000000,1.000000
87e6828b031ebe6c,0%,0,0%,0,yaml,yaml_like,False,0.000000,0.000000,0.000000,0.000000,0.000000,0.000000,0.000000,0.000000,0.000000,0.000000,0.000000,0,0,,,13,False,,,0.000000,0.000000,no supported local structural parser,False,,0,0.000000,0.000000,0.000000,0.000000,disabled,1.000000,0.000000
59ece7aefacfc969,0%,0,mostly,65,python,python,False,0.000000,0.425532,0.702128,0.519149,0.795745,0.000000,0.536170,0.855319,0.574468,0.885106,0.103774,106,47,fl_control_plane/config.py,same_extension,11,True,python_ast,python,0.780000,0.780000,,False,,0,0.000000,0.000000,0.000000,0.000000,disabled,1.000000,0.000000
6bcca438e86457e3,0%,0,mostly,60,yaml,yaml_like,False,0.000000,0.450000,0.650000,0.625000,0.725000,0.000000,0.525000,0.725000,0.675000,0.875000,0.357143,14,125,docs/pre-commit-hooks.md,anchor_overlap,2,False,,,0.000000,0.000000,no supported local structural parser,False,,0,0.000000,0.000000,0.000000,0.000000,disabled,1.000000,0.000000
50178ce5e014009e,0%,0,partial,56,yaml,yaml_like,False,0.000000,0.375000,0.575000,0.550000,0.650000,0.000000,0.500000,0.650000,0.700000,0.825000,0.384615,13,125,docs/pre-commit-hooks.md,anchor_overlap,3,False,,,0.000000,0.000000,no supported local structural parser,False,,0,0.000000,0.000000,0.000000,0.000000,disabled,1.000000,0.000000
8557ba5041f74deb,mostly,80,mostly,76,markdown,markdown,False,0.000000,0.888889,1.000000,0.888889,1.000000,0.000000,0.888889,1.000000,0.888889,1.000000,0.750000,8,125,docs/pre-commit-hooks.md,same_file,2,False,,,0.000000,0.000000,no supported local structural parser,False,,0,0.000000,0.000000,0.000000,0.000000,disabled,1.000000,0.000000
df197089cf18a66c,0%,0,mostly,76,text,regex,False,0.000000,0.108108,0.675676,0.108108,0.675676,0.000000,0.837838,1.000000,0.837838,1.000000,0.666667,36,576,docs/design/db-architecture.md,anchor_overlap,10,False,,,0.000000,0.000000,no supported local structural parser,False,,0,0.000000,0.000000,0.000000,0.000000,disabled,1.000000,0.000000
c632c05c90fc8984,0%,0,mostly,76,text,pygments,False,0.000000,0.636364,1.000000,0.636364,1.000000,0.000000,0.636364,1.000000,0.636364,1.000000,0.333333,6,9,db/schema.sql,same_file,10,False,,,0.000000,0.000000,no supported local structural parser,False,,0,0.000000,0.000000,0.000000,0.000000,disabled,1.000000,0.000000
27848ff21ef27eaf,0%,0,mostly,76,text,pygments,False,0.000000,0.473684,0.754386,0.473684,0.754386,0.000000,0.719298,1.000000,0.719298,1.000000,0.333333,24,576,docs/design/db-architecture.md,anchor_overlap,10,False,,,0.000000,0.000000,no supported local structural parser,False,,0,0.000000,0.000000,0.000000,0.000000,disabled,1.000000,0.000000
d200021363a7bc83,0%,0,mostly,76,text,pygments,False,0.000000,0.578947,1.000000,0.578947,1.000000,0.000000,0.421053,1.000000,0.421053,1.000000,0.166667,12,9,db/schema.sql,same_file,10,False,,,0.000000,0.000000,no supported local structural parser,False,,0,0.000000,0.000000,0.000000,0.000000,disabled,1.000000,0.000000
197963e054b43c45,100%,100,100%,100,markdown,markdown,True,1.000000,1.000000,1.000000,1.000000,1.000000,1.000000,1.000000,1.000000,1.000000,1.000000,1.000000,9,576,docs/design/db-architecture.md,same_file,1,False,,,0.000000,0.000000,no supported local structural parser,False,,0,0.000000,0.000000,0.000000,0.000000,disabled,1.000000,1.000000
0dbac171fae3b004,100%,100,100%,100,markdown,markdown,True,1.000000,1.000000,1.000000,1.000000,1.000000,1.000000,1.000000,1.000000,1.000000,1.000000,1.000000,9,576,docs/design/db-architecture.md,same_file,1,False,,,0.000000,0.000000,no supported local structural parser,False,,0,0.000000,0.000000,0.000000,0.000000,disabled,1.000000,1.000000
9eac56ac24e60034,100%,100,100%,100,toml,pygments,True,1.000000,1.000000,1.000000,1.000000,1.000000,1.000000,1.000000,1.000000,1.000000,1.000000,1.000000,2,39,pyproject.toml,same_file,17,False,,,0.000000,0.000000,no supported local structural parser,False,,0,0.000000,0.000000,0.000000,0.000000,disabled,1.000000,1.000000
a3542825e488255d,100%,100,100%,95,python,python,False,1.000000,1.000000,1.000000,1.000000,1.000000,0.888889,1.000000,1.000000,1.000000,1.000000,1.000000,20,60,fl_control_plane/jwks_client.py,same_file,21,True,python_ast,python,1.000000,1.000000,,False,,0,0.000000,0.000000,0.000000,0.000000,disabled,1.000000,1.000000
14aa4385c81c4305,mostly,85,mostly,86,python,python,False,0.857143,1.000000,1.000000,1.000000,1.000000,0.857143,1.000000,1.000000,1.000000,1.000000,1.000000,27,464,fl_control_plane/database.py,same_file,21,True,python_ast,python,1.000000,1.000000,,False,,0,0.000000,0.000000,0.000000,0.000000,disabled,1.000000,0.833300
012ea1f1f7d559e6,partial,27,mostly,74,python,python,False,0.200000,0.583333,0.888889,0.611111,0.916667,0.200000,0.861111,0.972222,0.888889,1.000000,0.583333,12,60,fl_control_plane/ingestion_api/schemas.py,same_extension,22,True,python_ast,python,1.000000,1.000000,,False,,0,0.000000,0.000000,0.000000,0.000000,disabled,1.000000,0.400000
f9606eedd8e73d32,100%,100,100%,100,python,python,True,1.000000,1.000000,1.000000,1.000000,1.000000,1.000000,1.000000,1.000000,1.000000,1.000000,1.000000,2,66,fl_control_plane/ingestion_api/pipeline_url_validators.py,same_file,25,True,python_ast,python,1.000000,1.000000,,False,,0,0.000000,0.000000,0.000000,0.000000,disabled,1.000000,1.000000
fb71b9fe038ed0a2,mostly,80,mostly,77,markdown,markdown,False,0.000000,0.981132,1.000000,0.981132,1.000000,0.000000,0.962264,1.000000,0.962264,1.000000,0.931034,29,41,docs/design/FL_Architecture_Design.md,same_file,11,False,,,0.000000,0.000000,no supported local structural parser,False,,0,0.000000,0.000000,0.000000,0.000000,disabled,1.000000,0.000000
aacfafe6729f0786,100%,100,100%,100,markdown,markdown,True,1.000000,1.000000,1.000000,1.000000,1.000000,1.000000,1.000000,1.000000,1.000000,1.000000,1.000000,52,41,docs/design/FL_Architecture_Design.md,same_file,11,False,,,0.000000,0.000000,no supported local structural parser,False,,0,0.000000,0.000000,0.000000,0.000000,disabled,1.000000,1.000000
ba90af434cdbbbd8,100%,100,mostly,80,yaml,yaml_like,False,0.000000,1.000000,1.000000,1.000000,1.000000,0.000000,1.000000,1.000000,1.000000,1.000000,1.000000,14,11,.github/workflows/piper-oss-ppms.yaml,same_file,1,False,,,0.000000,0.000000,no supported local structural parser,False,,0,0.000000,0.000000,0.000000,0.000000,disabled,1.000000,0.000000
4dbf6d31fa65daef,partial,35,mostly,75,yaml,yaml_like,False,0.166667,0.730769,0.980769,0.730769,0.980769,0.166667,0.730769,0.980769,0.730769,0.980769,0.620690,29,11,.github/workflows/piper-oss-ppms.yaml,same_file,1,False,,,0.000000,0.000000,no supported local structural parser,False,,0,0.000000,0.000000,0.000000,0.000000,disabled,1.000000,0.166700
a0a7b69ab1eb64ab,100%,100,100%,100,markdown,markdown,True,1.000000,1.000000,1.000000,1.000000,1.000000,1.000000,1.000000,1.000000,1.000000,1.000000,1.000000,34,28,openspec/changes/cluster-automation/specs/cluster-bootstrap/spec.md,same_file,5,False,,,0.000000,0.000000,no supported local structural parser,False,,0,0.000000,0.000000,0.000000,0.000000,disabled,1.000000,1.000000
d5b5ccb7b0a1fdbf,100%,100,100%,100,markdown,markdown,True,1.000000,1.000000,1.000000,1.000000,1.000000,1.000000,1.000000,1.000000,1.000000,1.000000,1.000000,40,28,openspec/changes/cluster-automation/specs/cluster-bootstrap/spec.md,same_file,5,False,,,0.000000,0.000000,no supported local structural parser,False,,0,0.000000,0.000000,0.000000,0.000000,disabled,1.000000,1.000000
01c2ea2547abb9c2,100%,100,100%,100,markdown,markdown,True,1.000000,1.000000,1.000000,1.000000,1.000000,1.000000,1.000000,1.000000,1.000000,1.000000,1.000000,36,64,openspec/changes/cluster-automation/design.md,same_file,5,False,,,0.000000,0.000000,no supported local structural parser,False,,0,0.000000,0.000000,0.000000,0.000000,disabled,1.000000,1.000000
04ea4d8dde1371b4,100%,100,100%,100,markdown,markdown,True,1.000000,1.000000,1.000000,1.000000,1.000000,1.000000,1.000000,1.000000,1.000000,1.000000,1.000000,2,21,openspec/changes/cluster-automation/proposal.md,same_file,5,False,,,0.000000,0.000000,no supported local structural parser,False,,0,0.000000,0.000000,0.000000,0.000000,disabled,1.000000,1.000000
37639e9183f3c7f5,100%,100,100%,100,yaml,yaml_like,True,1.000000,1.000000,1.000000,1.000000,1.000000,1.000000,1.000000,1.000000,1.000000,1.000000,1.000000,12,7,.pipeline/config.yml,same_file,3,False,,,0.000000,0.000000,no supported local structural parser,False,,0,0.000000,0.000000,0.000000,0.000000,disabled,1.000000,1.000000
b8e151a5e7c9db05,0%,0,mostly,76,yaml,yaml_like,False,0.000000,0.250000,1.000000,0.500000,1.000000,0.000000,0.250000,1.000000,0.500000,1.000000,0.000000,3,13,.pipeline/config.yml,same_file,4,False,,,0.000000,0.000000,no supported local structural parser,False,,0,0.000000,0.000000,0.000000,0.000000,disabled,1.000000,0.000000
bac8c7dc67cd286a,100%,100,100%,100,yaml,yaml_like,True,1.000000,1.000000,1.000000,1.000000,1.000000,1.000000,1.000000,1.000000,1.000000,1.000000,1.000000,12,7,.pipeline/config.yml,same_file,3,False,,,0.000000,0.000000,no supported local structural parser,False,,0,0.000000,0.000000,0.000000,0.000000,disabled,1.000000,1.000000
2b6af7b5b476e38e,100%,100,100%,100,yaml,yaml_like,True,1.000000,1.000000,1.000000,1.000000,1.000000,1.000000,1.000000,1.000000,1.000000,1.000000,1.000000,14,27,chart/templates/deployment.yaml,same_file,5,False,,,0.000000,0.000000,no supported local structural parser,False,,0,0.000000,0.000000,0.000000,0.000000,disabled,1.000000,1.000000
a1dbff3f7eff1b14,mostly,80,mostly,76,yaml,yaml_like,False,0.000000,0.933333,1.000000,0.933333,1.000000,0.000000,0.933333,1.000000,0.933333,1.000000,0.800000,5,9,chart/templates/secret.yaml,same_file,5,False,,,0.000000,0.000000,no supported local structural parser,False,,0,0.000000,0.000000,0.000000,0.000000,disabled,1.000000,0.000000
bc2628c5bee1772e,100%,100,100%,100,markdown,markdown,True,1.000000,1.000000,1.000000,1.000000,1.000000,1.000000,1.000000,1.000000,1.000000,1.000000,1.000000,4,104,CLAUDE.md,same_file,1,False,,,0.000000,0.000000,no supported local structural parser,False,,0,0.000000,0.000000,0.000000,0.000000,disabled,1.000000,1.000000
eea2dbb7248bc9cc,100%,100,mostly,76,text,regex,False,0.000000,0.750000,1.000000,0.750000,1.000000,0.000000,0.750000,1.000000,0.750000,1.000000,0.666667,3,8,.gitignore,same_file,7,False,,,0.000000,0.000000,no supported local structural parser,False,,0,0.000000,0.000000,0.000000,0.000000,disabled,1.000000,0.000000
996b6a496fafaf75,100%,100,mostly,76,text,regex,False,0.000000,0.750000,1.000000,0.750000,1.000000,0.000000,0.750000,1.000000,0.750000,1.000000,0.666667,3,8,.gitignore,same_file,7,False,,,0.000000,0.000000,no supported local structural parser,False,,0,0.000000,0.000000,0.000000,0.000000,disabled,1.000000,0.000000
